Mplus VERSION 9 (Mac)
MUTHEN & MUTHEN
09/23/2026   7:03 AM

INPUT INSTRUCTIONS

  ! Unit-weight copy of pmm_hcap_103.inp, started at the weighted solution (PMM_104)
  TITLE:
  x1-x3: age splines
    x4: female
    x5: black
    x6: hispanic
    x7: school years
  DATA:
  FILE = "pmm_104_unitwt.dat";
  VARIABLE:
  NAMES = id vs1hcapdxeap HCAP16WGTR STRATUM SECU_mplus vdori vdlfl1z vdlfl2 vdlfl3
       vdwdimmz vdwddelz vdexf7z vdsevens vdcount x1 x2 x3 x4 x5 x6 x7 x1x4 x1x5 x1x6
       x1x7 x2x4 x2x5 x2x6 x2x7 x3x4 x3x5 x3x6 x3x7 x4x5 x4x6 x4x7 x5x7 x6x7 nPG014
       nPG021 nPG023 nPG030 nPG040 nPG041 nPG044 nPG047 nPG050 nPG059 PD102;
   MISSING=.;
   categorical = vdori vdlfl2 vdlfl3 vdsevens vdcount nPG014 nPG021
     nPG023 nPG030  nPG040 nPG041 nPG044 nPG047 nPG050 nPG059 PD102;
  idvariable = id;
  classes = cg (3);
  knownclass = cg  (vs1hcapdxeap = 1 vs1hcapdxeap = 2 vs1hcapdxeap = 3);
  weight = HCAP16WGTR; stratification = STRATUM; cluster = SECU_mplus;
  ANALYSIS:
  estimator = mlr;
  ALGORITHM=INTEGRATION;
  starts = 0;
  processors = 12;
  TYPE = complex mixture;
  MODEL:
       %OVERALL%
       vdori ON x1;
       vdori ON x2;
       vdori ON x3;
       vdori ON x4;
       vdori ON x5;
       vdori ON x6;
       vdori ON x7;
       vdori ON x1x4;
       vdori ON x1x5;
       vdori ON x1x6;
       vdori ON x1x7;
       vdori ON x2x4;
       vdori ON x2x5;
       vdori ON x2x6;
       vdori ON x2x7;
       vdori ON x3x4;
       vdori ON x3x5;
       vdori ON x3x6;
       vdori ON x3x7;
       vdori ON x4x5;
       vdori ON x4x6;
       vdori ON x4x7;
       vdori ON x5x7;
       vdori ON x6x7;
       vdlfl1z ON x1;
       vdlfl1z ON x2;
       vdlfl1z ON x3;
       vdlfl1z ON x4;
       vdlfl1z ON x5;
       vdlfl1z ON x6;
       vdlfl1z ON x7;
       vdlfl1z ON x1x4;
       vdlfl1z ON x1x5;
       vdlfl1z ON x1x6;
       vdlfl1z ON x1x7;
       vdlfl1z ON x2x4;
       vdlfl1z ON x2x5;
       vdlfl1z ON x2x6;
       vdlfl1z ON x2x7;
       vdlfl1z ON x3x4;
       vdlfl1z ON x3x5;
       vdlfl1z ON x3x6;
       vdlfl1z ON x3x7;
       vdlfl1z ON x4x5;
       vdlfl1z ON x4x6;
       vdlfl1z ON x4x7;
       vdlfl1z ON x5x7;
       vdlfl1z ON x6x7;
       vdlfl2 ON x1;
       vdlfl2 ON x2;
       vdlfl2 ON x3;
       vdlfl2 ON x4;
       vdlfl2 ON x5;
       vdlfl2 ON x6;
       vdlfl2 ON x7;
       vdlfl2 ON x1x4;
       vdlfl2 ON x1x5;
       vdlfl2 ON x1x6;
       vdlfl2 ON x1x7;
       vdlfl2 ON x2x4;
       vdlfl2 ON x2x5;
       vdlfl2 ON x2x6;
       vdlfl2 ON x2x7;
       vdlfl2 ON x3x4;
       vdlfl2 ON x3x5;
       vdlfl2 ON x3x6;
       vdlfl2 ON x3x7;
       vdlfl2 ON x4x5;
       vdlfl2 ON x4x6;
       vdlfl2 ON x4x7;
       vdlfl2 ON x5x7;
       vdlfl2 ON x6x7;
       vdlfl3 ON x1;
       vdlfl3 ON x2;
       vdlfl3 ON x3;
       vdlfl3 ON x4;
       vdlfl3 ON x5;
       vdlfl3 ON x6;
       vdlfl3 ON x7;
       vdlfl3 ON x1x4;
       vdlfl3 ON x1x5;
       vdlfl3 ON x1x6;
       vdlfl3 ON x1x7;
       vdlfl3 ON x2x4;
       vdlfl3 ON x2x5;
       vdlfl3 ON x2x6;
       vdlfl3 ON x2x7;
       vdlfl3 ON x3x4;
       vdlfl3 ON x3x5;
       vdlfl3 ON x3x6;
       vdlfl3 ON x3x7;
       vdlfl3 ON x4x5;
       vdlfl3 ON x4x6;
       vdlfl3 ON x4x7;
       vdlfl3 ON x5x7;
       vdlfl3 ON x6x7;
       vdwdimmz ON x1;
       vdwdimmz ON x2;
       vdwdimmz ON x3;
       vdwdimmz ON x4;
       vdwdimmz ON x5;
       vdwdimmz ON x6;
       vdwdimmz ON x7;
       vdwdimmz ON x1x4;
       vdwdimmz ON x1x5;
       vdwdimmz ON x1x6;
       vdwdimmz ON x1x7;
       vdwdimmz ON x2x4;
       vdwdimmz ON x2x5;
       vdwdimmz ON x2x6;
       vdwdimmz ON x2x7;
       vdwdimmz ON x3x4;
       vdwdimmz ON x3x5;
       vdwdimmz ON x3x6;
       vdwdimmz ON x3x7;
       vdwdimmz ON x4x5;
       vdwdimmz ON x4x6;
       vdwdimmz ON x4x7;
       vdwdimmz ON x5x7;
       vdwdimmz ON x6x7;
       vdwddelz ON x1;
       vdwddelz ON x2;
       vdwddelz ON x3;
       vdwddelz ON x4;
       vdwddelz ON x5;
       vdwddelz ON x6;
       vdwddelz ON x7;
       vdwddelz ON x1x4;
       vdwddelz ON x1x5;
       vdwddelz ON x1x6;
       vdwddelz ON x1x7;
       vdwddelz ON x2x4;
       vdwddelz ON x2x5;
       vdwddelz ON x2x6;
       vdwddelz ON x2x7;
       vdwddelz ON x3x4;
       vdwddelz ON x3x5;
       vdwddelz ON x3x6;
       vdwddelz ON x3x7;
       vdwddelz ON x4x5;
       vdwddelz ON x4x6;
       vdwddelz ON x4x7;
       vdwddelz ON x5x7;
       vdwddelz ON x6x7;
       vdexf7z ON x1;
       vdexf7z ON x2;
       vdexf7z ON x3;
       vdexf7z ON x4;
       vdexf7z ON x5;
       vdexf7z ON x6;
       vdexf7z ON x7;
       vdexf7z ON x1x4;
       vdexf7z ON x1x5;
       vdexf7z ON x1x6;
       vdexf7z ON x1x7;
       vdexf7z ON x2x4;
       vdexf7z ON x2x5;
       vdexf7z ON x2x6;
       vdexf7z ON x2x7;
       vdexf7z ON x3x4;
       vdexf7z ON x3x5;
       vdexf7z ON x3x6;
       vdexf7z ON x3x7;
       vdexf7z ON x4x5;
       vdexf7z ON x4x6;
       vdexf7z ON x4x7;
       vdexf7z ON x5x7;
       vdexf7z ON x6x7;
       vdsevens ON x1;
       vdsevens ON x2;
       vdsevens ON x3;
       vdsevens ON x4;
       vdsevens ON x5;
       vdsevens ON x6;
       vdsevens ON x7;
       vdsevens ON x1x4;
       vdsevens ON x1x5;
       vdsevens ON x1x6;
       vdsevens ON x1x7;
       vdsevens ON x2x4;
       vdsevens ON x2x5;
       vdsevens ON x2x6;
       vdsevens ON x2x7;
       vdsevens ON x3x4;
       vdsevens ON x3x5;
       vdsevens ON x3x6;
       vdsevens ON x3x7;
       vdsevens ON x4x5;
       vdsevens ON x4x6;
       vdsevens ON x4x7;
       vdsevens ON x5x7;
       vdsevens ON x6x7;
       vdcount ON x1;
       vdcount ON x2;
       vdcount ON x3;
       vdcount ON x4;
       vdcount ON x5;
       vdcount ON x6;
       vdcount ON x7;
       vdcount ON x1x4;
       vdcount ON x1x5;
       vdcount ON x1x6;
       vdcount ON x1x7;
       vdcount ON x2x4;
       vdcount ON x2x5;
       vdcount ON x2x6;
       vdcount ON x2x7;
       vdcount ON x3x4;
       vdcount ON x3x5;
       vdcount ON x3x6;
       vdcount ON x3x7;
       vdcount ON x4x5;
       vdcount ON x4x6;
       vdcount ON x4x7;
       vdcount ON x5x7;
       vdcount ON x6x7;
       [ cg#1*1.81937 ];
       [ cg#2*0.76764 ];
       %CG#1%
       vdori ON x1@-0.07577;
       vdori ON x2@0.39087;
       vdori ON x3@-1.64662;
       vdori ON x4@0.76033;
       vdori ON x5@-0.03052;
       vdori ON x6@-0.20400;
       vdori ON x7@0.14628;
       vdori ON x1x4@0.00741;
       vdori ON x1x5@0.13772;
       vdori ON x1x6@0.08192;
       vdori ON x1x7@-0.00996;
       vdori ON x2x4@-0.27294;
       vdori ON x2x5@-1.06735;
       vdori ON x2x6@-1.06488;
       vdori ON x2x7@0.02926;
       vdori ON x3x4@1.13220;
       vdori ON x3x5@4.98186;
       vdori ON x3x6@9.34042;
       vdori ON x3x7@-0.09049;
       vdori ON x4x5@1.01366;
       vdori ON x4x6@-0.10614;
       vdori ON x4x7@-0.05426;
       vdori ON x5x7@-0.01297;
       vdori ON x6x7@-0.08127;
       vdlfl1z ON x1@-0.00588;
       vdlfl1z ON x2@0.01559;
       vdlfl1z ON x3@-0.04156;
       vdlfl1z ON x4@0.00116;
       vdlfl1z ON x5@-0.02780;
       vdlfl1z ON x6@-0.03252;
       vdlfl1z ON x7@0.00901;
       vdlfl1z ON x1x4@0.00323;
       vdlfl1z ON x1x5@0.00114;
       vdlfl1z ON x1x6@0.00257;
       vdlfl1z ON x1x7@0.00068;
       vdlfl1z ON x2x4@-0.01512;
       vdlfl1z ON x2x5@0.00165;
       vdlfl1z ON x2x6@-0.00190;
       vdlfl1z ON x2x7@-0.00408;
       vdlfl1z ON x3x4@0.04736;
       vdlfl1z ON x3x5@-0.02221;
       vdlfl1z ON x3x6@-0.04923;
       vdlfl1z ON x3x7@0.01433;
       vdlfl1z ON x4x5@-0.00994;
       vdlfl1z ON x4x6@0.02194;
       vdlfl1z ON x4x7@0.00274;
       vdlfl1z ON x5x7@-0.00187;
       vdlfl1z ON x6x7@-0.00429;
       vdlfl2 ON x1@-0.06891;
       vdlfl2 ON x2@-0.54444;
       vdlfl2 ON x3@3.34408;
       vdlfl2 ON x4@-0.78296;
       vdlfl2 ON x5@-1.33212;
       vdlfl2 ON x6@-0.65768;
       vdlfl2 ON x7@0.20568;
       vdlfl2 ON x1x4@-0.10094;
       vdlfl2 ON x1x5@0.30866;
       vdlfl2 ON x1x6@0.48712;
       vdlfl2 ON x1x7@0.03102;
       vdlfl2 ON x2x4@1.71355;
       vdlfl2 ON x2x5@-2.12852;
       vdlfl2 ON x2x6@-3.44743;
       vdlfl2 ON x2x7@-0.22588;
       vdlfl2 ON x3x4@-7.02607;
       vdlfl2 ON x3x5@10.39535;
       vdlfl2 ON x3x6@14.01562;
       vdlfl2 ON x3x7@1.29551;
       vdlfl2 ON x4x5@-0.66766;
       vdlfl2 ON x4x6@1.01280;
       vdlfl2 ON x4x7@-0.01821;
       vdlfl2 ON x5x7@0.31556;
       vdlfl2 ON x6x7@0.12677;
       vdlfl3 ON x1@-0.07963;
       vdlfl3 ON x2@0.28982;
       vdlfl3 ON x3@-1.42361;
       vdlfl3 ON x4@-0.27192;
       vdlfl3 ON x5@-0.92143;
       vdlfl3 ON x6@-1.13182;
       vdlfl3 ON x7@0.06457;
       vdlfl3 ON x1x4@0.13961;
       vdlfl3 ON x1x5@0.05532;
       vdlfl3 ON x1x6@-0.02109;
       vdlfl3 ON x1x7@-0.00015;
       vdlfl3 ON x2x4@-0.81005;
       vdlfl3 ON x2x5@-0.10642;
       vdlfl3 ON x2x6@0.46564;
       vdlfl3 ON x2x7@0.02551;
       vdlfl3 ON x3x4@4.15654;
       vdlfl3 ON x3x5@0.19483;
       vdlfl3 ON x3x6@-2.93524;
       vdlfl3 ON x3x7@-0.18483;
       vdlfl3 ON x4x5@0.03168;
       vdlfl3 ON x4x6@0.33396;
       vdlfl3 ON x4x7@0.11012;
       vdlfl3 ON x5x7@0.20389;
       vdlfl3 ON x6x7@0.09777;
       vdwdimmz ON x1@-0.00631;
       vdwdimmz ON x2@0.01860;
       vdwdimmz ON x3@-0.10341;
       vdwdimmz ON x4@0.05459;
       vdwdimmz ON x5@-0.06698;
       vdwdimmz ON x6@-0.01286;
       vdwdimmz ON x7@0.01871;
       vdwdimmz ON x1x4@0.00561;
       vdwdimmz ON x1x5@0.00607;
       vdwdimmz ON x1x6@-0.00397;
       vdwdimmz ON x1x7@-0.00016;
       vdwdimmz ON x2x4@-0.04017;
       vdwdimmz ON x2x5@-0.02814;
       vdwdimmz ON x2x6@0.03620;
       vdwdimmz ON x2x7@-0.00190;
       vdwdimmz ON x3x4@0.18775;
       vdwdimmz ON x3x5@0.09277;
       vdwdimmz ON x3x6@-0.18046;
       vdwdimmz ON x3x7@0.00778;
       vdwdimmz ON x4x5@0.02638;
       vdwdimmz ON x4x6@-0.02468;
       vdwdimmz ON x4x7@0.00138;
       vdwdimmz ON x5x7@-0.00457;
       vdwdimmz ON x6x7@-0.01221;
       vdwddelz ON x1@-0.00574;
       vdwddelz ON x2@0.00751;
       vdwddelz ON x3@-0.06634;
       vdwddelz ON x4@0.06068;
       vdwddelz ON x5@-0.08568;
       vdwddelz ON x6@0.00634;
       vdwddelz ON x7@0.02084;
       vdwddelz ON x1x4@0.00767;
       vdwddelz ON x1x5@0.00487;
       vdwddelz ON x1x6@-0.00804;
       vdwddelz ON x1x7@-0.00038;
       vdwddelz ON x2x4@-0.03747;
       vdwddelz ON x2x5@-0.04991;
       vdwddelz ON x2x6@0.00614;
       vdwddelz ON x2x7@-0.00048;
       vdwddelz ON x3x4@0.16822;
       vdwddelz ON x3x5@0.23610;
       vdwddelz ON x3x6@0.04776;
       vdwddelz ON x3x7@-0.00177;
       vdwddelz ON x4x5@0.01177;
       vdwddelz ON x4x6@-0.02779;
       vdwddelz ON x4x7@0.00288;
       vdwddelz ON x5x7@-0.00616;
       vdwddelz ON x6x7@-0.01277;
       vdexf7z ON x1@-0.00303;
       vdexf7z ON x2@-0.01025;
       vdexf7z ON x3@0.06602;
       vdexf7z ON x4@-0.03010;
       vdexf7z ON x5@-0.19146;
       vdexf7z ON x6@-0.11483;
       vdexf7z ON x7@0.02640;
       vdexf7z ON x1x4@-0.00211;
       vdexf7z ON x1x5@-0.00009;
       vdexf7z ON x1x6@0.00747;
       vdexf7z ON x1x7@0;
       vdexf7z ON x2x4@0.01627;
       vdexf7z ON x2x5@-0.00405;
       vdexf7z ON x2x6@-0.05335;
       vdexf7z ON x2x7@-0.00060;
       vdexf7z ON x3x4@-0.08646;
       vdexf7z ON x3x5@0.05681;
       vdexf7z ON x3x6@0.27958;
       vdexf7z ON x3x7@0.00407;
       vdexf7z ON x4x5@0.06364;
       vdexf7z ON x4x6@-0.00044;
       vdexf7z ON x4x7@-0.00248;
       vdexf7z ON x5x7@0.01059;
       vdexf7z ON x6x7@-0.00611;
       vdsevens ON x1@-0.05427;
       vdsevens ON x2@-0.00687;
       vdsevens ON x3@0.53066;
       vdsevens ON x4@-0.67969;
       vdsevens ON x5@-1.81474;
       vdsevens ON x6@-0.46003;
       vdsevens ON x7@0.16580;
       vdsevens ON x1x4@0.01226;
       vdsevens ON x1x5@0.07585;
       vdsevens ON x1x6@0.19839;
       vdsevens ON x1x7@0.01148;
       vdsevens ON x2x4@0.11088;
       vdsevens ON x2x5@-0.52750;
       vdsevens ON x2x6@-1.10884;
       vdsevens ON x2x7@-0.04247;
       vdsevens ON x3x4@-0.88452;
       vdsevens ON x3x5@1.56373;
       vdsevens ON x3x6@6.66169;
       vdsevens ON x3x7@0.16223;
       vdsevens ON x4x5@0.60637;
       vdsevens ON x4x6@-0.56344;
       vdsevens ON x4x7@0.01066;
       vdsevens ON x5x7@0.15896;
       vdsevens ON x6x7@-0.07309;
       vdcount ON x1@-0.05817;
       vdcount ON x2@-0.09183;
       vdcount ON x3@0.42448;
       vdcount ON x4@-0.34935;
       vdcount ON x5@-0.89147;
       vdcount ON x6@1.84413;
       vdcount ON x7@0.22145;
       vdcount ON x1x4@0.21317;
       vdcount ON x1x5@-0.15600;
       vdcount ON x1x6@0.05448;
       vdcount ON x1x7@0.01183;
       vdcount ON x2x4@-0.92390;
       vdcount ON x2x5@1.13758;
       vdcount ON x2x6@0.28176;
       vdcount ON x2x7@-0.01086;
       vdcount ON x3x4@3.66699;
       vdcount ON x3x5@-5.25720;
       vdcount ON x3x6@-3.89815;
       vdcount ON x3x7@-0.18348;
       vdcount ON x4x5@-0.04162;
       vdcount ON x4x6@-2.15391;
       vdcount ON x4x7@-0.11826;
       vdcount ON x5x7@-0.00288;
       vdcount ON x6x7@0.08216;
       vdwdimmz WITH vdlfl1z@0;
       vdwdimmz WITH vdwddelz@0.01853;
       vdwdimmz WITH vdexf7z@0;
       vdwddelz WITH vdlfl1z@0;
       vdwddelz WITH vdexf7z@0;
       vdexf7z WITH vdlfl1z@0;
       [ vdlfl1z*0.18680 ];
       [ vdwdimmz*0.54615 ];
       [ vdwddelz*0.45345 ];
       [ vdexf7z*0.63858 ];
       [ vdori$1*-7.48682 ];
       [ vdori$2*-5.91060 ];
       [ vdori$3*-3.92212 ];
       [ vdori$4*-1.63954 ];
       [ vdlfl2$1*-7.93510 ];
       [ vdlfl2$2*-4.16488 ];
       [ vdlfl3$1*-4.84337 ];
       [ vdlfl3$2*-1.14744 ];
       [ vdsevens$1*-3.25854 ];
       [ vdsevens$2*-2.06660 ];
       [ vdsevens$3*-1.51842 ];
       [ vdsevens$4*-0.73253 ];
       [ vdsevens$5*0.19656 ];
       [ vdcount$1*-3.45790 ];
       [ npg014$1*2.41762 ];
       [ npg021$1*3.02984 ];
       [ npg023$1*4.04902 ];
       [ npg030$1*3.12948 ];
       [ npg040$1*2.39777 ];
       [ npg041$1*3.36466 ];
       [ npg044$1*2.91995 ];
       [ npg047$1*4.00943 ];
       [ npg050$1*3.94662 ];
       [ npg059$1*3.73634 ];
       [ pd102$1*-4.19822 ];
       [ pd102$2*1.18027 ];
       vdlfl1z*0.00499 (5);
       vdwdimmz*0.02274 (6);
       vdwddelz*0.03182 (7);
       vdexf7z*0.02048 (8);
       %CG#2%
       vdori ON x1@-0.07577;
       vdori ON x2@0.39087;
       vdori ON x3@-1.64662;
       vdori ON x4@0.76033;
       vdori ON x5@-0.03052;
       vdori ON x6@-0.20400;
       vdori ON x7@0.14628;
       vdori ON x1x4@0.00741;
       vdori ON x1x5@0.13772;
       vdori ON x1x6@0.08192;
       vdori ON x1x7@-0.00996;
       vdori ON x2x4@-0.27294;
       vdori ON x2x5@-1.06735;
       vdori ON x2x6@-1.06488;
       vdori ON x2x7@0.02926;
       vdori ON x3x4@1.13220;
       vdori ON x3x5@4.98186;
       vdori ON x3x6@9.34042;
       vdori ON x3x7@-0.09049;
       vdori ON x4x5@1.01366;
       vdori ON x4x6@-0.10614;
       vdori ON x4x7@-0.05426;
       vdori ON x5x7@-0.01297;
       vdori ON x6x7@-0.08127;
       vdlfl1z ON x1@-0.00588;
       vdlfl1z ON x2@0.01559;
       vdlfl1z ON x3@-0.04156;
       vdlfl1z ON x4@0.00116;
       vdlfl1z ON x5@-0.02780;
       vdlfl1z ON x6@-0.03252;
       vdlfl1z ON x7@0.00901;
       vdlfl1z ON x1x4@0.00323;
       vdlfl1z ON x1x5@0.00114;
       vdlfl1z ON x1x6@0.00257;
       vdlfl1z ON x1x7@0.00068;
       vdlfl1z ON x2x4@-0.01512;
       vdlfl1z ON x2x5@0.00165;
       vdlfl1z ON x2x6@-0.00190;
       vdlfl1z ON x2x7@-0.00408;
       vdlfl1z ON x3x4@0.04736;
       vdlfl1z ON x3x5@-0.02221;
       vdlfl1z ON x3x6@-0.04923;
       vdlfl1z ON x3x7@0.01433;
       vdlfl1z ON x4x5@-0.00994;
       vdlfl1z ON x4x6@0.02194;
       vdlfl1z ON x4x7@0.00274;
       vdlfl1z ON x5x7@-0.00187;
       vdlfl1z ON x6x7@-0.00429;
       vdlfl2 ON x1@-0.06891;
       vdlfl2 ON x2@-0.54444;
       vdlfl2 ON x3@3.34408;
       vdlfl2 ON x4@-0.78296;
       vdlfl2 ON x5@-1.33212;
       vdlfl2 ON x6@-0.65768;
       vdlfl2 ON x7@0.20568;
       vdlfl2 ON x1x4@-0.10094;
       vdlfl2 ON x1x5@0.30866;
       vdlfl2 ON x1x6@0.48712;
       vdlfl2 ON x1x7@0.03102;
       vdlfl2 ON x2x4@1.71355;
       vdlfl2 ON x2x5@-2.12852;
       vdlfl2 ON x2x6@-3.44743;
       vdlfl2 ON x2x7@-0.22588;
       vdlfl2 ON x3x4@-7.02607;
       vdlfl2 ON x3x5@10.39535;
       vdlfl2 ON x3x6@14.01562;
       vdlfl2 ON x3x7@1.29551;
       vdlfl2 ON x4x5@-0.66766;
       vdlfl2 ON x4x6@1.01280;
       vdlfl2 ON x4x7@-0.01821;
       vdlfl2 ON x5x7@0.31556;
       vdlfl2 ON x6x7@0.12677;
       vdlfl3 ON x1@-0.07963;
       vdlfl3 ON x2@0.28982;
       vdlfl3 ON x3@-1.42361;
       vdlfl3 ON x4@-0.27192;
       vdlfl3 ON x5@-0.92143;
       vdlfl3 ON x6@-1.13182;
       vdlfl3 ON x7@0.06457;
       vdlfl3 ON x1x4@0.13961;
       vdlfl3 ON x1x5@0.05532;
       vdlfl3 ON x1x6@-0.02109;
       vdlfl3 ON x1x7@-0.00015;
       vdlfl3 ON x2x4@-0.81005;
       vdlfl3 ON x2x5@-0.10642;
       vdlfl3 ON x2x6@0.46564;
       vdlfl3 ON x2x7@0.02551;
       vdlfl3 ON x3x4@4.15654;
       vdlfl3 ON x3x5@0.19483;
       vdlfl3 ON x3x6@-2.93524;
       vdlfl3 ON x3x7@-0.18483;
       vdlfl3 ON x4x5@0.03168;
       vdlfl3 ON x4x6@0.33396;
       vdlfl3 ON x4x7@0.11012;
       vdlfl3 ON x5x7@0.20389;
       vdlfl3 ON x6x7@0.09777;
       vdwdimmz ON x1@-0.00631;
       vdwdimmz ON x2@0.01860;
       vdwdimmz ON x3@-0.10341;
       vdwdimmz ON x4@0.05459;
       vdwdimmz ON x5@-0.06698;
       vdwdimmz ON x6@-0.01286;
       vdwdimmz ON x7@0.01871;
       vdwdimmz ON x1x4@0.00561;
       vdwdimmz ON x1x5@0.00607;
       vdwdimmz ON x1x6@-0.00397;
       vdwdimmz ON x1x7@-0.00016;
       vdwdimmz ON x2x4@-0.04017;
       vdwdimmz ON x2x5@-0.02814;
       vdwdimmz ON x2x6@0.03620;
       vdwdimmz ON x2x7@-0.00190;
       vdwdimmz ON x3x4@0.18775;
       vdwdimmz ON x3x5@0.09277;
       vdwdimmz ON x3x6@-0.18046;
       vdwdimmz ON x3x7@0.00778;
       vdwdimmz ON x4x5@0.02638;
       vdwdimmz ON x4x6@-0.02468;
       vdwdimmz ON x4x7@0.00138;
       vdwdimmz ON x5x7@-0.00457;
       vdwdimmz ON x6x7@-0.01221;
       vdwddelz ON x1@-0.00574;
       vdwddelz ON x2@0.00751;
       vdwddelz ON x3@-0.06634;
       vdwddelz ON x4@0.06068;
       vdwddelz ON x5@-0.08568;
       vdwddelz ON x6@0.00634;
       vdwddelz ON x7@0.02084;
       vdwddelz ON x1x4@0.00767;
       vdwddelz ON x1x5@0.00487;
       vdwddelz ON x1x6@-0.00804;
       vdwddelz ON x1x7@-0.00038;
       vdwddelz ON x2x4@-0.03747;
       vdwddelz ON x2x5@-0.04991;
       vdwddelz ON x2x6@0.00614;
       vdwddelz ON x2x7@-0.00048;
       vdwddelz ON x3x4@0.16822;
       vdwddelz ON x3x5@0.23610;
       vdwddelz ON x3x6@0.04776;
       vdwddelz ON x3x7@-0.00177;
       vdwddelz ON x4x5@0.01177;
       vdwddelz ON x4x6@-0.02779;
       vdwddelz ON x4x7@0.00288;
       vdwddelz ON x5x7@-0.00616;
       vdwddelz ON x6x7@-0.01277;
       vdexf7z ON x1@-0.00303;
       vdexf7z ON x2@-0.01025;
       vdexf7z ON x3@0.06602;
       vdexf7z ON x4@-0.03010;
       vdexf7z ON x5@-0.19146;
       vdexf7z ON x6@-0.11483;
       vdexf7z ON x7@0.02640;
       vdexf7z ON x1x4@-0.00211;
       vdexf7z ON x1x5@-0.00009;
       vdexf7z ON x1x6@0.00747;
       vdexf7z ON x1x7@0;
       vdexf7z ON x2x4@0.01627;
       vdexf7z ON x2x5@-0.00405;
       vdexf7z ON x2x6@-0.05335;
       vdexf7z ON x2x7@-0.00060;
       vdexf7z ON x3x4@-0.08646;
       vdexf7z ON x3x5@0.05681;
       vdexf7z ON x3x6@0.27958;
       vdexf7z ON x3x7@0.00407;
       vdexf7z ON x4x5@0.06364;
       vdexf7z ON x4x6@-0.00044;
       vdexf7z ON x4x7@-0.00248;
       vdexf7z ON x5x7@0.01059;
       vdexf7z ON x6x7@-0.00611;
       vdsevens ON x1@-0.05427;
       vdsevens ON x2@-0.00687;
       vdsevens ON x3@0.53066;
       vdsevens ON x4@-0.67969;
       vdsevens ON x5@-1.81474;
       vdsevens ON x6@-0.46003;
       vdsevens ON x7@0.16580;
       vdsevens ON x1x4@0.01226;
       vdsevens ON x1x5@0.07585;
       vdsevens ON x1x6@0.19839;
       vdsevens ON x1x7@0.01148;
       vdsevens ON x2x4@0.11088;
       vdsevens ON x2x5@-0.52750;
       vdsevens ON x2x6@-1.10884;
       vdsevens ON x2x7@-0.04247;
       vdsevens ON x3x4@-0.88452;
       vdsevens ON x3x5@1.56373;
       vdsevens ON x3x6@6.66169;
       vdsevens ON x3x7@0.16223;
       vdsevens ON x4x5@0.60637;
       vdsevens ON x4x6@-0.56344;
       vdsevens ON x4x7@0.01066;
       vdsevens ON x5x7@0.15896;
       vdsevens ON x6x7@-0.07309;
       vdcount ON x1@-0.05817;
       vdcount ON x2@-0.09183;
       vdcount ON x3@0.42448;
       vdcount ON x4@-0.34935;
       vdcount ON x5@-0.89147;
       vdcount ON x6@1.84413;
       vdcount ON x7@0.22145;
       vdcount ON x1x4@0.21317;
       vdcount ON x1x5@-0.15600;
       vdcount ON x1x6@0.05448;
       vdcount ON x1x7@0.01183;
       vdcount ON x2x4@-0.92390;
       vdcount ON x2x5@1.13758;
       vdcount ON x2x6@0.28176;
       vdcount ON x2x7@-0.01086;
       vdcount ON x3x4@3.66699;
       vdcount ON x3x5@-5.25720;
       vdcount ON x3x6@-3.89815;
       vdcount ON x3x7@-0.18348;
       vdcount ON x4x5@-0.04162;
       vdcount ON x4x6@-2.15391;
       vdcount ON x4x7@-0.11826;
       vdcount ON x5x7@-0.00288;
       vdcount ON x6x7@0.08216;
       vdwdimmz WITH vdlfl1z@0;
       vdwdimmz WITH vdwddelz@0.01853;
       vdwdimmz WITH vdexf7z@0;
       vdwddelz WITH vdlfl1z@0;
       vdwddelz WITH vdexf7z@0;
       vdexf7z WITH vdlfl1z@0;
       [ vdlfl1z*0.15409 ];
       [ vdwdimmz*0.45599 ];
       [ vdwddelz*0.33663 ];
       [ vdexf7z*0.55536 ];
       [ vdori$1*-4.64760 ];
       [ vdori$2*-3.88066 ];
       [ vdori$3*-2.95592 ];
       [ vdori$4*-0.86294 ];
       [ vdlfl2$1*-6.24759 ];
       [ vdlfl2$2*-2.93237 ];
       [ vdlfl3$1*-4.15611 ];
       [ vdlfl3$2*-0.32108 ];
       [ vdsevens$1*-2.07023 ];
       [ vdsevens$2*-1.00356 ];
       [ vdsevens$3*-0.40500 ];
       [ vdsevens$4*0.14305 ];
       [ vdsevens$5*1.01936 ];
       [ vdcount$1*-2.81793 ];
       [ npg014$1*1.57122 ];
       [ npg021$1*1.77990 ];
       [ npg023$1*2.44352 ];
       [ npg030$1*2.01818 ];
       [ npg040$1*1.10689 ];
       [ npg041$1*2.03300 ];
       [ npg044$1*1.55570 ];
       [ npg047$1*2.14118 ];
       [ npg050$1*2.28674 ];
       [ npg059$1*1.93208 ];
       [ pd102$1*-3.78898 ];
       [ pd102$2*0.77802 ];
       vdlfl1z*0.00499 (5);
       vdwdimmz*0.02274 (6);
       vdwddelz*0.03182 (7);
       vdexf7z*0.02048 (8);
       %CG#3%
       vdori ON x1@-0.07577;
       vdori ON x2@0.39087;
       vdori ON x3@-1.64662;
       vdori ON x4@0.76033;
       vdori ON x5@-0.03052;
       vdori ON x6@-0.20400;
       vdori ON x7@0.14628;
       vdori ON x1x4@0.00741;
       vdori ON x1x5@0.13772;
       vdori ON x1x6@0.08192;
       vdori ON x1x7@-0.00996;
       vdori ON x2x4@-0.27294;
       vdori ON x2x5@-1.06735;
       vdori ON x2x6@-1.06488;
       vdori ON x2x7@0.02926;
       vdori ON x3x4@1.13220;
       vdori ON x3x5@4.98186;
       vdori ON x3x6@9.34042;
       vdori ON x3x7@-0.09049;
       vdori ON x4x5@1.01366;
       vdori ON x4x6@-0.10614;
       vdori ON x4x7@-0.05426;
       vdori ON x5x7@-0.01297;
       vdori ON x6x7@-0.08127;
       vdlfl1z ON x1@-0.00588;
       vdlfl1z ON x2@0.01559;
       vdlfl1z ON x3@-0.04156;
       vdlfl1z ON x4@0.00116;
       vdlfl1z ON x5@-0.02780;
       vdlfl1z ON x6@-0.03252;
       vdlfl1z ON x7@0.00901;
       vdlfl1z ON x1x4@0.00323;
       vdlfl1z ON x1x5@0.00114;
       vdlfl1z ON x1x6@0.00257;
       vdlfl1z ON x1x7@0.00068;
       vdlfl1z ON x2x4@-0.01512;
       vdlfl1z ON x2x5@0.00165;
       vdlfl1z ON x2x6@-0.00190;
       vdlfl1z ON x2x7@-0.00408;
       vdlfl1z ON x3x4@0.04736;
       vdlfl1z ON x3x5@-0.02221;
       vdlfl1z ON x3x6@-0.04923;
       vdlfl1z ON x3x7@0.01433;
       vdlfl1z ON x4x5@-0.00994;
       vdlfl1z ON x4x6@0.02194;
       vdlfl1z ON x4x7@0.00274;
       vdlfl1z ON x5x7@-0.00187;
       vdlfl1z ON x6x7@-0.00429;
       vdlfl2 ON x1@-0.06891;
       vdlfl2 ON x2@-0.54444;
       vdlfl2 ON x3@3.34408;
       vdlfl2 ON x4@-0.78296;
       vdlfl2 ON x5@-1.33212;
       vdlfl2 ON x6@-0.65768;
       vdlfl2 ON x7@0.20568;
       vdlfl2 ON x1x4@-0.10094;
       vdlfl2 ON x1x5@0.30866;
       vdlfl2 ON x1x6@0.48712;
       vdlfl2 ON x1x7@0.03102;
       vdlfl2 ON x2x4@1.71355;
       vdlfl2 ON x2x5@-2.12852;
       vdlfl2 ON x2x6@-3.44743;
       vdlfl2 ON x2x7@-0.22588;
       vdlfl2 ON x3x4@-7.02607;
       vdlfl2 ON x3x5@10.39535;
       vdlfl2 ON x3x6@14.01562;
       vdlfl2 ON x3x7@1.29551;
       vdlfl2 ON x4x5@-0.66766;
       vdlfl2 ON x4x6@1.01280;
       vdlfl2 ON x4x7@-0.01821;
       vdlfl2 ON x5x7@0.31556;
       vdlfl2 ON x6x7@0.12677;
       vdlfl3 ON x1@-0.07963;
       vdlfl3 ON x2@0.28982;
       vdlfl3 ON x3@-1.42361;
       vdlfl3 ON x4@-0.27192;
       vdlfl3 ON x5@-0.92143;
       vdlfl3 ON x6@-1.13182;
       vdlfl3 ON x7@0.06457;
       vdlfl3 ON x1x4@0.13961;
       vdlfl3 ON x1x5@0.05532;
       vdlfl3 ON x1x6@-0.02109;
       vdlfl3 ON x1x7@-0.00015;
       vdlfl3 ON x2x4@-0.81005;
       vdlfl3 ON x2x5@-0.10642;
       vdlfl3 ON x2x6@0.46564;
       vdlfl3 ON x2x7@0.02551;
       vdlfl3 ON x3x4@4.15654;
       vdlfl3 ON x3x5@0.19483;
       vdlfl3 ON x3x6@-2.93524;
       vdlfl3 ON x3x7@-0.18483;
       vdlfl3 ON x4x5@0.03168;
       vdlfl3 ON x4x6@0.33396;
       vdlfl3 ON x4x7@0.11012;
       vdlfl3 ON x5x7@0.20389;
       vdlfl3 ON x6x7@0.09777;
       vdwdimmz ON x1@-0.00631;
       vdwdimmz ON x2@0.01860;
       vdwdimmz ON x3@-0.10341;
       vdwdimmz ON x4@0.05459;
       vdwdimmz ON x5@-0.06698;
       vdwdimmz ON x6@-0.01286;
       vdwdimmz ON x7@0.01871;
       vdwdimmz ON x1x4@0.00561;
       vdwdimmz ON x1x5@0.00607;
       vdwdimmz ON x1x6@-0.00397;
       vdwdimmz ON x1x7@-0.00016;
       vdwdimmz ON x2x4@-0.04017;
       vdwdimmz ON x2x5@-0.02814;
       vdwdimmz ON x2x6@0.03620;
       vdwdimmz ON x2x7@-0.00190;
       vdwdimmz ON x3x4@0.18775;
       vdwdimmz ON x3x5@0.09277;
       vdwdimmz ON x3x6@-0.18046;
       vdwdimmz ON x3x7@0.00778;
       vdwdimmz ON x4x5@0.02638;
       vdwdimmz ON x4x6@-0.02468;
       vdwdimmz ON x4x7@0.00138;
       vdwdimmz ON x5x7@-0.00457;
       vdwdimmz ON x6x7@-0.01221;
       vdwddelz ON x1@-0.00574;
       vdwddelz ON x2@0.00751;
       vdwddelz ON x3@-0.06634;
       vdwddelz ON x4@0.06068;
       vdwddelz ON x5@-0.08568;
       vdwddelz ON x6@0.00634;
       vdwddelz ON x7@0.02084;
       vdwddelz ON x1x4@0.00767;
       vdwddelz ON x1x5@0.00487;
       vdwddelz ON x1x6@-0.00804;
       vdwddelz ON x1x7@-0.00038;
       vdwddelz ON x2x4@-0.03747;
       vdwddelz ON x2x5@-0.04991;
       vdwddelz ON x2x6@0.00614;
       vdwddelz ON x2x7@-0.00048;
       vdwddelz ON x3x4@0.16822;
       vdwddelz ON x3x5@0.23610;
       vdwddelz ON x3x6@0.04776;
       vdwddelz ON x3x7@-0.00177;
       vdwddelz ON x4x5@0.01177;
       vdwddelz ON x4x6@-0.02779;
       vdwddelz ON x4x7@0.00288;
       vdwddelz ON x5x7@-0.00616;
       vdwddelz ON x6x7@-0.01277;
       vdexf7z ON x1@-0.00303;
       vdexf7z ON x2@-0.01025;
       vdexf7z ON x3@0.06602;
       vdexf7z ON x4@-0.03010;
       vdexf7z ON x5@-0.19146;
       vdexf7z ON x6@-0.11483;
       vdexf7z ON x7@0.02640;
       vdexf7z ON x1x4@-0.00211;
       vdexf7z ON x1x5@-0.00009;
       vdexf7z ON x1x6@0.00747;
       vdexf7z ON x1x7@0;
       vdexf7z ON x2x4@0.01627;
       vdexf7z ON x2x5@-0.00405;
       vdexf7z ON x2x6@-0.05335;
       vdexf7z ON x2x7@-0.00060;
       vdexf7z ON x3x4@-0.08646;
       vdexf7z ON x3x5@0.05681;
       vdexf7z ON x3x6@0.27958;
       vdexf7z ON x3x7@0.00407;
       vdexf7z ON x4x5@0.06364;
       vdexf7z ON x4x6@-0.00044;
       vdexf7z ON x4x7@-0.00248;
       vdexf7z ON x5x7@0.01059;
       vdexf7z ON x6x7@-0.00611;
       vdsevens ON x1@-0.05427;
       vdsevens ON x2@-0.00687;
       vdsevens ON x3@0.53066;
       vdsevens ON x4@-0.67969;
       vdsevens ON x5@-1.81474;
       vdsevens ON x6@-0.46003;
       vdsevens ON x7@0.16580;
       vdsevens ON x1x4@0.01226;
       vdsevens ON x1x5@0.07585;
       vdsevens ON x1x6@0.19839;
       vdsevens ON x1x7@0.01148;
       vdsevens ON x2x4@0.11088;
       vdsevens ON x2x5@-0.52750;
       vdsevens ON x2x6@-1.10884;
       vdsevens ON x2x7@-0.04247;
       vdsevens ON x3x4@-0.88452;
       vdsevens ON x3x5@1.56373;
       vdsevens ON x3x6@6.66169;
       vdsevens ON x3x7@0.16223;
       vdsevens ON x4x5@0.60637;
       vdsevens ON x4x6@-0.56344;
       vdsevens ON x4x7@0.01066;
       vdsevens ON x5x7@0.15896;
       vdsevens ON x6x7@-0.07309;
       vdcount ON x1@-0.05817;
       vdcount ON x2@-0.09183;
       vdcount ON x3@0.42448;
       vdcount ON x4@-0.34935;
       vdcount ON x5@-0.89147;
       vdcount ON x6@1.84413;
       vdcount ON x7@0.22145;
       vdcount ON x1x4@0.21317;
       vdcount ON x1x5@-0.15600;
       vdcount ON x1x6@0.05448;
       vdcount ON x1x7@0.01183;
       vdcount ON x2x4@-0.92390;
       vdcount ON x2x5@1.13758;
       vdcount ON x2x6@0.28176;
       vdcount ON x2x7@-0.01086;
       vdcount ON x3x4@3.66699;
       vdcount ON x3x5@-5.25720;
       vdcount ON x3x6@-3.89815;
       vdcount ON x3x7@-0.18348;
       vdcount ON x4x5@-0.04162;
       vdcount ON x4x6@-2.15391;
       vdcount ON x4x7@-0.11826;
       vdcount ON x5x7@-0.00288;
       vdcount ON x6x7@0.08216;
       vdwdimmz WITH vdlfl1z@0;
       vdwdimmz WITH vdwddelz@0.01853;
       vdwdimmz WITH vdexf7z@0;
       vdwddelz WITH vdlfl1z@0;
       vdwddelz WITH vdexf7z@0;
       vdexf7z WITH vdlfl1z@0;
       [ vdlfl1z*0.11445 ];
       [ vdwdimmz*0.35837 ];
       [ vdwddelz*0.22699 ];
       [ vdexf7z*0.45584 ];
       [ vdori$1*-2.58028 ];
       [ vdori$2*-1.77526 ];
       [ vdori$3*-0.99580 ];
       [ vdori$4*0.17644 ];
       [ vdlfl2$1*-5.34206 ];
       [ vdlfl2$2*-1.32014 ];
       [ vdlfl3$1*-2.01265 ];
       [ vdlfl3$2*0.53213 ];
       [ vdsevens$1*-1.41269 ];
       [ vdsevens$2*-0.29860 ];
       [ vdsevens$3*0.47699 ];
       [ vdsevens$4*0.96416 ];
       [ vdsevens$5*1.58846 ];
       [ vdcount$1*-2.12074 ];
       [ npg014$1*0.62144 ];
       [ npg021$1*0.60339 ];
       [ npg023$1*1.33511 ];
       [ npg030$1*1.26233 ];
       [ npg040$1*0.27540 ];
       [ npg041$1*0.50308 ];
       [ npg044$1*0.59468 ];
       [ npg047$1*0.87225 ];
       [ npg050$1*0.95473 ];
       [ npg059$1*0.71820 ];
       [ pd102$1*-3.13960 ];
       [ pd102$2*0.62362 ];
       vdlfl1z*0.00499 (5);
       vdwdimmz*0.02274 (6);
       vdwddelz*0.03182 (7);
       vdexf7z*0.02048 (8);
  OUTPUT:
  standardized;
  SAVEDATA:
  H5RESULTS = pmm_104_unitwt.h5;



INPUT READING TERMINATED NORMALLY




x1-x3: age splines
x4: female
x5: black
x6: hispanic
x7: school years

SUMMARY OF ANALYSIS

Number of groups                                                 1
Number of observations                                        3496

Number of dependent variables                                   20
Number of independent variables                                 24
Number of continuous latent variables                            0
Number of categorical latent variables                           1

Observed dependent variables

  Continuous
   VDLFL1Z     VDWDIMMZ    VDWDDELZ    VDEXF7Z

  Binary and ordered categorical (ordinal)
   VDORI       VDLFL2      VDLFL3      VDSEVENS    VDCOUNT     NPG014
   NPG021      NPG023      NPG030      NPG040      NPG041      NPG044
   NPG047      NPG050      NPG059      PD102

Observed independent variables
   X1          X2          X3          X4          X5          X6
   X7          X1X4        X1X5        X1X6        X1X7        X2X4
   X2X5        X2X6        X2X7        X3X4        X3X5        X3X6
   X3X7        X4X5        X4X6        X4X7        X5X7        X6X7

Categorical latent variables
   CG

  Knownclass            CG

Variables with special functions

  Stratification        STRATUM
  Cluster variable      SECU_MPL
  Weight variable       HCAP16WG
  ID variable           ID

Estimator                                                      MLR
Information matrix                                        OBSERVED
Optimization Specifications for the Quasi-Newton Algorithm for
Continuous Outcomes
  Maximum number of iterations                                 100
  Convergence criterion                                  0.100D-05
Optimization Specifications for the EM Algorithm
  Maximum number of iterations                                 500
  Convergence criteria
    Loglikelihood change                                 0.100D-02
    Relative loglikelihood change                        0.100D-05
    Derivative                                           0.100D-02
Optimization Specifications for the M step of the EM Algorithm for
Categorical Latent Variables
  Number of M step iterations                                    1
  M step convergence criterion                           0.100D-02
  Basis for M step termination                           ITERATION
Optimization Specifications for the M step of the EM Algorithm for
Censored, Binary or Ordered Categorical (Ordinal), Unordered
Categorical (Nominal) and Count Outcomes
  Number of M step iterations                                    1
  M step convergence criterion                           0.100D-02
  Basis for M step termination                           ITERATION
  Maximum value for logit thresholds                            15
  Minimum value for logit thresholds                           -15
  Minimum expected cell size for chi-square              0.100D-01
Maximum number of iterations for H1                           2000
Convergence criterion for H1                             0.100D-03
Optimization algorithm                                         EMA
Integration Specifications
  Type                                                    STANDARD
  Number of integration points                                  15
  Dimensions of numerical integration                            0
  Adaptive quadrature                                           ON
Link                                                         LOGIT
Cholesky                                                       OFF

Input data file(s)
  pmm_104_unitwt.dat
Input data format  FREE


SUMMARY OF DATA

     Number of missing data patterns           100
     Number of y missing data patterns           9
     Number of u missing data patterns          71
     Number of strata                           56
     Number of clusters                        112


COVARIANCE COVERAGE OF DATA

Minimum covariance coverage value   0.100


     PROPORTION OF DATA PRESENT


           Covariance Coverage
              VDORI         VDLFL2        VDLFL3        VDSEVENS      VDCOUNT
              ________      ________      ________      ________      ________
 VDORI          0.932
 VDLFL2         0.932         0.932
 VDLFL3         0.932         0.932         0.932
 VDSEVENS       0.932         0.932         0.932         0.939
 VDCOUNT        0.930         0.930         0.930         0.937         0.937
 NPG014         0.931         0.931         0.931         0.938         0.936
 NPG021         0.931         0.931         0.931         0.939         0.937
 NPG023         0.931         0.931         0.931         0.939         0.936
 NPG030         0.931         0.931         0.931         0.939         0.936
 NPG040         0.867         0.867         0.867         0.874         0.872
 NPG041         0.888         0.888         0.888         0.896         0.894
 NPG044         0.891         0.891         0.891         0.898         0.896
 NPG047         0.927         0.927         0.927         0.934         0.933
 NPG050         0.932         0.932         0.932         0.939         0.937
 NPG059         0.886         0.886         0.886         0.893         0.892
 PD102          0.931         0.931         0.931         0.938         0.936
 VDLFL1Z        0.929         0.929         0.929         0.929         0.927
 VDWDIMMZ       0.929         0.929         0.929         0.936         0.935
 VDWDDELZ       0.929         0.929         0.929         0.936         0.935
 VDEXF7Z        0.816         0.816         0.816         0.823         0.822
 X1             0.932         0.932         0.932         0.939         0.937
 X2             0.932         0.932         0.932         0.939         0.937
 X3             0.932         0.932         0.932         0.939         0.937
 X4             0.932         0.932         0.932         0.939         0.937
 X5             0.932         0.932         0.932         0.939         0.937
 X6             0.932         0.932         0.932         0.939         0.937
 X7             0.932         0.932         0.932         0.939         0.937
 X1X4           0.932         0.932         0.932         0.939         0.937
 X1X5           0.932         0.932         0.932         0.939         0.937
 X1X6           0.932         0.932         0.932         0.939         0.937
 X1X7           0.932         0.932         0.932         0.939         0.937
 X2X4           0.932         0.932         0.932         0.939         0.937
 X2X5           0.932         0.932         0.932         0.939         0.937
 X2X6           0.932         0.932         0.932         0.939         0.937
 X2X7           0.932         0.932         0.932         0.939         0.937
 X3X4           0.932         0.932         0.932         0.939         0.937
 X3X5           0.932         0.932         0.932         0.939         0.937
 X3X6           0.932         0.932         0.932         0.939         0.937
 X3X7           0.932         0.932         0.932         0.939         0.937
 X4X5           0.932         0.932         0.932         0.939         0.937
 X4X6           0.932         0.932         0.932         0.939         0.937
 X4X7           0.932         0.932         0.932         0.939         0.937
 X5X7           0.932         0.932         0.932         0.939         0.937
 X6X7           0.932         0.932         0.932         0.939         0.937


           Covariance Coverage
              NPG014        NPG021        NPG023        NPG030        NPG040
              ________      ________      ________      ________      ________
 NPG014         0.998
 NPG021         0.997         0.999
 NPG023         0.997         0.999         0.999
 NPG030         0.996         0.997         0.997         0.998
 NPG040         0.918         0.918         0.918         0.918         0.919
 NPG041         0.938         0.939         0.939         0.939         0.881
 NPG044         0.941         0.941         0.941         0.940         0.883
 NPG047         0.987         0.989         0.988         0.987         0.914
 NPG050         0.998         0.999         0.999         0.997         0.919
 NPG059         0.939         0.940         0.939         0.939         0.874
 PD102          0.937         0.938         0.937         0.937         0.873
 VDLFL1Z        0.928         0.928         0.928         0.928         0.865
 VDWDIMMZ       0.936         0.936         0.936         0.936         0.871
 VDWDDELZ       0.935         0.936         0.936         0.936         0.871
 VDEXF7Z        0.822         0.823         0.822         0.823         0.777
 X1             0.998         0.999         0.999         0.998         0.919
 X2             0.998         0.999         0.999         0.998         0.919
 X3             0.998         0.999         0.999         0.998         0.919
 X4             0.998         0.999         0.999         0.998         0.919
 X5             0.998         0.999         0.999         0.998         0.919
 X6             0.998         0.999         0.999         0.998         0.919
 X7             0.998         0.999         0.999         0.998         0.919
 X1X4           0.998         0.999         0.999         0.998         0.919
 X1X5           0.998         0.999         0.999         0.998         0.919
 X1X6           0.998         0.999         0.999         0.998         0.919
 X1X7           0.998         0.999         0.999         0.998         0.919
 X2X4           0.998         0.999         0.999         0.998         0.919
 X2X5           0.998         0.999         0.999         0.998         0.919
 X2X6           0.998         0.999         0.999         0.998         0.919
 X2X7           0.998         0.999         0.999         0.998         0.919
 X3X4           0.998         0.999         0.999         0.998         0.919
 X3X5           0.998         0.999         0.999         0.998         0.919
 X3X6           0.998         0.999         0.999         0.998         0.919
 X3X7           0.998         0.999         0.999         0.998         0.919
 X4X5           0.998         0.999         0.999         0.998         0.919
 X4X6           0.998         0.999         0.999         0.998         0.919
 X4X7           0.998         0.999         0.999         0.998         0.919
 X5X7           0.998         0.999         0.999         0.998         0.919
 X6X7           0.998         0.999         0.999         0.998         0.919


           Covariance Coverage
              NPG041        NPG044        NPG047        NPG050        NPG059
              ________      ________      ________      ________      ________
 NPG041         0.939
 NPG044         0.908         0.941
 NPG047         0.936         0.939         0.989
 NPG050         0.939         0.941         0.989         1.000
 NPG059         0.898         0.903         0.935         0.940         0.940
 PD102          0.894         0.897         0.933         0.938         0.892
 VDLFL1Z        0.885         0.888         0.924         0.929         0.883
 VDWDIMMZ       0.893         0.896         0.932         0.936         0.891
 VDWDDELZ       0.893         0.895         0.932         0.936         0.890
 VDEXF7Z        0.788         0.795         0.821         0.823         0.790
 X1             0.939         0.941         0.989         1.000         0.940
 X2             0.939         0.941         0.989         1.000         0.940
 X3             0.939         0.941         0.989         1.000         0.940
 X4             0.939         0.941         0.989         1.000         0.940
 X5             0.939         0.941         0.989         1.000         0.940
 X6             0.939         0.941         0.989         1.000         0.940
 X7             0.939         0.941         0.989         1.000         0.940
 X1X4           0.939         0.941         0.989         1.000         0.940
 X1X5           0.939         0.941         0.989         1.000         0.940
 X1X6           0.939         0.941         0.989         1.000         0.940
 X1X7           0.939         0.941         0.989         1.000         0.940
 X2X4           0.939         0.941         0.989         1.000         0.940
 X2X5           0.939         0.941         0.989         1.000         0.940
 X2X6           0.939         0.941         0.989         1.000         0.940
 X2X7           0.939         0.941         0.989         1.000         0.940
 X3X4           0.939         0.941         0.989         1.000         0.940
 X3X5           0.939         0.941         0.989         1.000         0.940
 X3X6           0.939         0.941         0.989         1.000         0.940
 X3X7           0.939         0.941         0.989         1.000         0.940
 X4X5           0.939         0.941         0.989         1.000         0.940
 X4X6           0.939         0.941         0.989         1.000         0.940
 X4X7           0.939         0.941         0.989         1.000         0.940
 X5X7           0.939         0.941         0.989         1.000         0.940
 X6X7           0.939         0.941         0.989         1.000         0.940


           Covariance Coverage
              PD102         VDLFL1Z       VDWDIMMZ      VDWDDELZ      VDEXF7Z
              ________      ________      ________      ________      ________
 PD102          0.938
 VDLFL1Z        0.928         0.929
 VDWDIMMZ       0.935         0.927         0.936
 VDWDDELZ       0.935         0.926         0.936         0.936
 VDEXF7Z        0.822         0.815         0.821         0.821         0.823
 X1             0.938         0.929         0.936         0.936         0.823
 X2             0.938         0.929         0.936         0.936         0.823
 X3             0.938         0.929         0.936         0.936         0.823
 X4             0.938         0.929         0.936         0.936         0.823
 X5             0.938         0.929         0.936         0.936         0.823
 X6             0.938         0.929         0.936         0.936         0.823
 X7             0.938         0.929         0.936         0.936         0.823
 X1X4           0.938         0.929         0.936         0.936         0.823
 X1X5           0.938         0.929         0.936         0.936         0.823
 X1X6           0.938         0.929         0.936         0.936         0.823
 X1X7           0.938         0.929         0.936         0.936         0.823
 X2X4           0.938         0.929         0.936         0.936         0.823
 X2X5           0.938         0.929         0.936         0.936         0.823
 X2X6           0.938         0.929         0.936         0.936         0.823
 X2X7           0.938         0.929         0.936         0.936         0.823
 X3X4           0.938         0.929         0.936         0.936         0.823
 X3X5           0.938         0.929         0.936         0.936         0.823
 X3X6           0.938         0.929         0.936         0.936         0.823
 X3X7           0.938         0.929         0.936         0.936         0.823
 X4X5           0.938         0.929         0.936         0.936         0.823
 X4X6           0.938         0.929         0.936         0.936         0.823
 X4X7           0.938         0.929         0.936         0.936         0.823
 X5X7           0.938         0.929         0.936         0.936         0.823
 X6X7           0.938         0.929         0.936         0.936         0.823


           Covariance Coverage
              X1            X2            X3            X4            X5
              ________      ________      ________      ________      ________
 X1             1.000
 X2             1.000         1.000
 X3             1.000         1.000         1.000
 X4             1.000         1.000         1.000         1.000
 X5             1.000         1.000         1.000         1.000         1.000
 X6             1.000         1.000         1.000         1.000         1.000
 X7             1.000         1.000         1.000         1.000         1.000
 X1X4           1.000         1.000         1.000         1.000         1.000
 X1X5           1.000         1.000         1.000         1.000         1.000
 X1X6           1.000         1.000         1.000         1.000         1.000
 X1X7           1.000         1.000         1.000         1.000         1.000
 X2X4           1.000         1.000         1.000         1.000         1.000
 X2X5           1.000         1.000         1.000         1.000         1.000
 X2X6           1.000         1.000         1.000         1.000         1.000
 X2X7           1.000         1.000         1.000         1.000         1.000
 X3X4           1.000         1.000         1.000         1.000         1.000
 X3X5           1.000         1.000         1.000         1.000         1.000
 X3X6           1.000         1.000         1.000         1.000         1.000
 X3X7           1.000         1.000         1.000         1.000         1.000
 X4X5           1.000         1.000         1.000         1.000         1.000
 X4X6           1.000         1.000         1.000         1.000         1.000
 X4X7           1.000         1.000         1.000         1.000         1.000
 X5X7           1.000         1.000         1.000         1.000         1.000
 X6X7           1.000         1.000         1.000         1.000         1.000


           Covariance Coverage
              X6            X7            X1X4          X1X5          X1X6
              ________      ________      ________      ________      ________
 X6             1.000
 X7             1.000         1.000
 X1X4           1.000         1.000         1.000
 X1X5           1.000         1.000         1.000         1.000
 X1X6           1.000         1.000         1.000         1.000         1.000
 X1X7           1.000         1.000         1.000         1.000         1.000
 X2X4           1.000         1.000         1.000         1.000         1.000
 X2X5           1.000         1.000         1.000         1.000         1.000
 X2X6           1.000         1.000         1.000         1.000         1.000
 X2X7           1.000         1.000         1.000         1.000         1.000
 X3X4           1.000         1.000         1.000         1.000         1.000
 X3X5           1.000         1.000         1.000         1.000         1.000
 X3X6           1.000         1.000         1.000         1.000         1.000
 X3X7           1.000         1.000         1.000         1.000         1.000
 X4X5           1.000         1.000         1.000         1.000         1.000
 X4X6           1.000         1.000         1.000         1.000         1.000
 X4X7           1.000         1.000         1.000         1.000         1.000
 X5X7           1.000         1.000         1.000         1.000         1.000
 X6X7           1.000         1.000         1.000         1.000         1.000


           Covariance Coverage
              X1X7          X2X4          X2X5          X2X6          X2X7
              ________      ________      ________      ________      ________
 X1X7           1.000
 X2X4           1.000         1.000
 X2X5           1.000         1.000         1.000
 X2X6           1.000         1.000         1.000         1.000
 X2X7           1.000         1.000         1.000         1.000         1.000
 X3X4           1.000         1.000         1.000         1.000         1.000
 X3X5           1.000         1.000         1.000         1.000         1.000
 X3X6           1.000         1.000         1.000         1.000         1.000
 X3X7           1.000         1.000         1.000         1.000         1.000
 X4X5           1.000         1.000         1.000         1.000         1.000
 X4X6           1.000         1.000         1.000         1.000         1.000
 X4X7           1.000         1.000         1.000         1.000         1.000
 X5X7           1.000         1.000         1.000         1.000         1.000
 X6X7           1.000         1.000         1.000         1.000         1.000


           Covariance Coverage
              X3X4          X3X5          X3X6          X3X7          X4X5
              ________      ________      ________      ________      ________
 X3X4           1.000
 X3X5           1.000         1.000
 X3X6           1.000         1.000         1.000
 X3X7           1.000         1.000         1.000         1.000
 X4X5           1.000         1.000         1.000         1.000         1.000
 X4X6           1.000         1.000         1.000         1.000         1.000
 X4X7           1.000         1.000         1.000         1.000         1.000
 X5X7           1.000         1.000         1.000         1.000         1.000
 X6X7           1.000         1.000         1.000         1.000         1.000


           Covariance Coverage
              X4X6          X4X7          X5X7          X6X7
              ________      ________      ________      ________
 X4X6           1.000
 X4X7           1.000         1.000
 X5X7           1.000         1.000         1.000
 X6X7           1.000         1.000         1.000         1.000


     PROPORTION OF DATA PRESENT FOR U


           Covariance Coverage
              VDORI         VDLFL2        VDLFL3        VDSEVENS      VDCOUNT
              ________      ________      ________      ________      ________
 VDORI          0.932
 VDLFL2         0.932         0.932
 VDLFL3         0.932         0.932         0.932
 VDSEVENS       0.932         0.932         0.932         0.939
 VDCOUNT        0.930         0.930         0.930         0.937         0.937
 NPG014         0.931         0.931         0.931         0.938         0.936
 NPG021         0.931         0.931         0.931         0.939         0.937
 NPG023         0.931         0.931         0.931         0.939         0.936
 NPG030         0.931         0.931         0.931         0.939         0.936
 NPG040         0.867         0.867         0.867         0.874         0.872
 NPG041         0.888         0.888         0.888         0.896         0.894
 NPG044         0.891         0.891         0.891         0.898         0.896
 NPG047         0.927         0.927         0.927         0.934         0.933
 NPG050         0.932         0.932         0.932         0.939         0.937
 NPG059         0.886         0.886         0.886         0.893         0.892
 PD102          0.931         0.931         0.931         0.938         0.936


           Covariance Coverage
              NPG014        NPG021        NPG023        NPG030        NPG040
              ________      ________      ________      ________      ________
 NPG014         0.998
 NPG021         0.997         0.999
 NPG023         0.997         0.999         0.999
 NPG030         0.996         0.997         0.997         0.998
 NPG040         0.918         0.918         0.918         0.918         0.919
 NPG041         0.938         0.939         0.939         0.939         0.881
 NPG044         0.941         0.941         0.941         0.940         0.883
 NPG047         0.987         0.989         0.988         0.987         0.914
 NPG050         0.998         0.999         0.999         0.997         0.919
 NPG059         0.939         0.940         0.939         0.939         0.874
 PD102          0.937         0.938         0.937         0.937         0.873


           Covariance Coverage
              NPG041        NPG044        NPG047        NPG050        NPG059
              ________      ________      ________      ________      ________
 NPG041         0.939
 NPG044         0.908         0.941
 NPG047         0.936         0.939         0.989
 NPG050         0.939         0.941         0.989         1.000
 NPG059         0.898         0.903         0.935         0.940         0.940
 PD102          0.894         0.897         0.933         0.938         0.892


           Covariance Coverage
              PD102
              ________
 PD102          0.938


     PROPORTION OF DATA PRESENT FOR Y


           Covariance Coverage
              VDLFL1Z       VDWDIMMZ      VDWDDELZ      VDEXF7Z       X1
              ________      ________      ________      ________      ________
 VDLFL1Z        0.929
 VDWDIMMZ       0.927         0.936
 VDWDDELZ       0.926         0.936         0.936
 VDEXF7Z        0.815         0.821         0.821         0.823
 X1             0.929         0.936         0.936         0.823         1.000
 X2             0.929         0.936         0.936         0.823         1.000
 X3             0.929         0.936         0.936         0.823         1.000
 X4             0.929         0.936         0.936         0.823         1.000
 X5             0.929         0.936         0.936         0.823         1.000
 X6             0.929         0.936         0.936         0.823         1.000
 X7             0.929         0.936         0.936         0.823         1.000
 X1X4           0.929         0.936         0.936         0.823         1.000
 X1X5           0.929         0.936         0.936         0.823         1.000
 X1X6           0.929         0.936         0.936         0.823         1.000
 X1X7           0.929         0.936         0.936         0.823         1.000
 X2X4           0.929         0.936         0.936         0.823         1.000
 X2X5           0.929         0.936         0.936         0.823         1.000
 X2X6           0.929         0.936         0.936         0.823         1.000
 X2X7           0.929         0.936         0.936         0.823         1.000
 X3X4           0.929         0.936         0.936         0.823         1.000
 X3X5           0.929         0.936         0.936         0.823         1.000
 X3X6           0.929         0.936         0.936         0.823         1.000
 X3X7           0.929         0.936         0.936         0.823         1.000
 X4X5           0.929         0.936         0.936         0.823         1.000
 X4X6           0.929         0.936         0.936         0.823         1.000
 X4X7           0.929         0.936         0.936         0.823         1.000
 X5X7           0.929         0.936         0.936         0.823         1.000
 X6X7           0.929         0.936         0.936         0.823         1.000


           Covariance Coverage
              X2            X3            X4            X5            X6
              ________      ________      ________      ________      ________
 X2             1.000
 X3             1.000         1.000
 X4             1.000         1.000         1.000
 X5             1.000         1.000         1.000         1.000
 X6             1.000         1.000         1.000         1.000         1.000
 X7             1.000         1.000         1.000         1.000         1.000
 X1X4           1.000         1.000         1.000         1.000         1.000
 X1X5           1.000         1.000         1.000         1.000         1.000
 X1X6           1.000         1.000         1.000         1.000         1.000
 X1X7           1.000         1.000         1.000         1.000         1.000
 X2X4           1.000         1.000         1.000         1.000         1.000
 X2X5           1.000         1.000         1.000         1.000         1.000
 X2X6           1.000         1.000         1.000         1.000         1.000
 X2X7           1.000         1.000         1.000         1.000         1.000
 X3X4           1.000         1.000         1.000         1.000         1.000
 X3X5           1.000         1.000         1.000         1.000         1.000
 X3X6           1.000         1.000         1.000         1.000         1.000
 X3X7           1.000         1.000         1.000         1.000         1.000
 X4X5           1.000         1.000         1.000         1.000         1.000
 X4X6           1.000         1.000         1.000         1.000         1.000
 X4X7           1.000         1.000         1.000         1.000         1.000
 X5X7           1.000         1.000         1.000         1.000         1.000
 X6X7           1.000         1.000         1.000         1.000         1.000


           Covariance Coverage
              X7            X1X4          X1X5          X1X6          X1X7
              ________      ________      ________      ________      ________
 X7             1.000
 X1X4           1.000         1.000
 X1X5           1.000         1.000         1.000
 X1X6           1.000         1.000         1.000         1.000
 X1X7           1.000         1.000         1.000         1.000         1.000
 X2X4           1.000         1.000         1.000         1.000         1.000
 X2X5           1.000         1.000         1.000         1.000         1.000
 X2X6           1.000         1.000         1.000         1.000         1.000
 X2X7           1.000         1.000         1.000         1.000         1.000
 X3X4           1.000         1.000         1.000         1.000         1.000
 X3X5           1.000         1.000         1.000         1.000         1.000
 X3X6           1.000         1.000         1.000         1.000         1.000
 X3X7           1.000         1.000         1.000         1.000         1.000
 X4X5           1.000         1.000         1.000         1.000         1.000
 X4X6           1.000         1.000         1.000         1.000         1.000
 X4X7           1.000         1.000         1.000         1.000         1.000
 X5X7           1.000         1.000         1.000         1.000         1.000
 X6X7           1.000         1.000         1.000         1.000         1.000


           Covariance Coverage
              X2X4          X2X5          X2X6          X2X7          X3X4
              ________      ________      ________      ________      ________
 X2X4           1.000
 X2X5           1.000         1.000
 X2X6           1.000         1.000         1.000
 X2X7           1.000         1.000         1.000         1.000
 X3X4           1.000         1.000         1.000         1.000         1.000
 X3X5           1.000         1.000         1.000         1.000         1.000
 X3X6           1.000         1.000         1.000         1.000         1.000
 X3X7           1.000         1.000         1.000         1.000         1.000
 X4X5           1.000         1.000         1.000         1.000         1.000
 X4X6           1.000         1.000         1.000         1.000         1.000
 X4X7           1.000         1.000         1.000         1.000         1.000
 X5X7           1.000         1.000         1.000         1.000         1.000
 X6X7           1.000         1.000         1.000         1.000         1.000


           Covariance Coverage
              X3X5          X3X6          X3X7          X4X5          X4X6
              ________      ________      ________      ________      ________
 X3X5           1.000
 X3X6           1.000         1.000
 X3X7           1.000         1.000         1.000
 X4X5           1.000         1.000         1.000         1.000
 X4X6           1.000         1.000         1.000         1.000         1.000
 X4X7           1.000         1.000         1.000         1.000         1.000
 X5X7           1.000         1.000         1.000         1.000         1.000
 X6X7           1.000         1.000         1.000         1.000         1.000


           Covariance Coverage
              X4X7          X5X7          X6X7
              ________      ________      ________
 X4X7           1.000
 X5X7           1.000         1.000
 X6X7           1.000         1.000         1.000


UNIVARIATE PROPORTIONS AND COUNTS FOR CATEGORICAL VARIABLES

    VDORI
      Category 1    0.013           42.000
      Category 2    0.015           48.000
      Category 3    0.037          119.000
      Category 4    0.197          643.000
      Category 5    0.738         2405.000
    VDLFL2
      Category 1    0.006           21.000
      Category 2    0.081          264.000
      Category 3    0.912         2972.000
    VDLFL3
      Category 1    0.031          101.000
      Category 2    0.313         1021.000
      Category 3    0.656         2135.000
    VDSEVENS
      Category 1    0.102          335.000
      Category 2    0.115          379.000
      Category 3    0.086          281.000
      Category 4    0.128          420.000
      Category 5    0.183          601.000
      Category 6    0.386         1267.000
    VDCOUNT
      Category 1    0.082          268.000
      Category 2    0.918         3008.000
    NPG014
      Category 1    0.856         2987.000
      Category 2    0.144          502.000
    NPG021
      Category 1    0.890         3111.000
      Category 2    0.110          383.000
    NPG023
      Category 1    0.946         3305.000
      Category 2    0.054          188.000
    NPG030
      Category 1    0.917         3198.000
      Category 2    0.083          290.000
    NPG040
      Category 1    0.829         2663.000
      Category 2    0.171          550.000
    NPG041
      Category 1    0.911         2991.000
      Category 2    0.089          293.000
    NPG044
      Category 1    0.888         2922.000
      Category 2    0.112          369.000
    NPG047
      Category 1    0.931         3221.000
      Category 2    0.069          237.000
    NPG050
      Category 1    0.938         3279.000
      Category 2    0.062          216.000
    NPG059
      Category 1    0.920         3023.000
      Category 2    0.080          263.000
    PD102
      Category 1    0.022           73.000
      Category 2    0.707         2318.000
      Category 3    0.271          888.000



UNIVARIATE SAMPLE STATISTICS


     UNIVARIATE HIGHER-ORDER MOMENT DESCRIPTIVE STATISTICS

         Variable/         Mean/     Skewness/   Minimum/ % with                Percentiles
        Sample Size      Variance    Kurtosis    Maximum  Min/Max      20%/60%    40%/80%    Median

     VDLFL1Z               0.168       1.203       0.000    0.43%       0.102      0.148      0.159
            3247.000       0.006       8.195       1.000    0.06%       0.182      0.227
     VDWDIMMZ              0.499      -0.224       0.000    1.53%       0.400      0.500      0.500
            3274.000       0.030       0.232       1.000    0.21%       0.500      0.600
     VDWDDELZ              0.390      -0.123       0.000    9.14%       0.200      0.400      0.400
            3273.000       0.044      -0.450       1.000    0.09%       0.500      0.600
     VDEXF7Z               0.613      -0.984       0.000    1.25%       0.526      0.600      0.629
            2877.000       0.035       1.630       1.000    1.49%       0.680      0.731
     X1                    5.971       0.441      -6.000    0.74%      -2.000      4.000      5.000
            3496.000      57.923      -0.446      33.000    0.03%       8.000     13.000
     X2                    2.411       3.019       0.000   28.69%       0.000      0.111      0.217
            3496.000      22.412      10.723      39.333    0.03%       0.889      3.814
     X3                    0.371       4.317       0.000   64.02%       0.000      0.000      0.000
            3496.000       1.228      22.449      11.333    0.03%       0.000      0.217
     X4                    0.040      -0.405      -0.559   40.07%      -0.559     -0.559      0.441
            3496.000       0.240      -1.836       0.441   59.93%       0.441      0.441
     X5                    0.066       1.879      -0.092   84.24%      -0.092     -0.092     -0.092
            3496.000       0.133       1.532       0.908   15.76%      -0.092     -0.092
     X6                    0.030       2.500      -0.079   89.04%      -0.079     -0.079     -0.079
            3496.000       0.098       4.251       0.921   10.96%      -0.079     -0.079
     X7                    0.693      -1.025     -12.000    0.63%      -1.000      0.000      0.000
            3496.000      10.192       1.889       5.000   12.56%       1.000      4.000
     X1X4                  3.668       1.269      -6.000    0.43%       0.000      0.000      0.000
            3496.000      45.469       1.010      32.000    0.03%       2.000      9.000
     X1X5                  0.680       3.683      -6.000    0.20%       0.000      0.000      0.000
            3496.000      10.678      17.179      32.000    0.03%       0.000      0.000
     X1X6                  0.442       4.668      -6.000    0.11%       0.000      0.000      0.000
            3496.000       7.508      28.120      25.000    0.09%       0.000      0.000
     X1X7                  1.793      -1.215    -252.000    0.03%      -9.000      0.000      0.000
            3496.000    1051.319       9.317     140.000    0.03%       0.000     16.000
     X2X4                  1.558       3.818       0.000   57.32%       0.000      0.000      0.000
            3496.000      16.864      16.724      37.333    0.03%       0.014      1.266
     X2X5                  0.254      11.426       0.000   90.05%       0.000      0.000      0.000
            3496.000       2.542     173.096      37.333    0.03%       0.000      0.000
     X2X6                  0.181      11.439       0.000   93.22%       0.000      0.000      0.000
            3496.000       1.966     148.973      23.333    0.09%       0.000      0.000
     X2X7                  0.559      -2.118    -185.125    0.03%       0.000      0.000      0.000
            3496.000     336.030      32.161     146.667    0.03%       0.000      0.868
     X3X4                  0.251       5.196       0.000   77.92%       0.000      0.000      0.000
            3496.000       0.900      31.568      10.667    0.03%       0.000      0.002
     X3X5                  0.033      17.480       0.000   95.31%       0.000      0.000      0.000
            3496.000       0.125     378.913      10.667    0.03%       0.000      0.000
     X3X6                  0.027      14.762       0.000   97.23%       0.000      0.000      0.000
            3496.000       0.094     236.769       6.000    0.09%       0.000      0.000
     X3X7                  0.041      -2.457     -44.000    0.03%       0.000      0.000      0.000
            3496.000      16.250      50.462      40.000    0.06%       0.000      0.000
     X4X5                  0.050       2.563      -0.056   89.42%      -0.056     -0.056     -0.056
            3496.000       0.095       4.567       0.944   10.58%      -0.056     -0.056
     X4X6                  0.019       3.531      -0.046   93.51%      -0.046     -0.046     -0.046
            3496.000       0.061      10.470       0.954    6.49%      -0.046     -0.046
     X4X7                  0.319      -1.096     -12.000    0.49%       0.000      0.000      0.000
            3496.000       5.915       5.194       5.000    6.26%       0.000      2.000
     X5X7                  0.028      -1.067     -10.000    0.09%       0.000      0.000      0.000
            3496.000       1.373      18.898       5.000    1.09%       0.000      0.000
     X6X7                 -0.321      -4.148     -12.000    0.57%       0.000      0.000      0.000
            3496.000       3.093      20.897       5.000    0.31%       0.000      0.000


     VIF (VARIANCE INFLATION FACTOR) FOR EXPLORING MULTICOLLINEARITY OF INDEPENDENT VARIABLES

     Variable        VIF       Variable        VIF       Variable        VIF

     X1            19.664      X2           147.720      X3            94.692
     X4             2.621      X5             3.772      X6             3.550
     X7             4.995      X1X4          20.179      X1X5           8.242
     X1X6           8.959      X1X7          13.203      X2X4         158.036
     X2X5          49.085      X2X6          62.914      X2X7          85.087
     X3X4          99.874      X3X5          28.496      X3X6          37.816
     X3X7          47.006      X4X5           3.456      X4X6           3.285
     X4X7           2.986      X5X7           1.393      X6X7           2.225


THE MODEL ESTIMATION TERMINATED NORMALLY

  ERROR OCCURRED IN THE BRANT WALD TEST FOR PROPORTIONAL ODDS FOR VDORI.

  ERROR OCCURRED IN THE BRANT WALD TEST FOR PROPORTIONAL ODDS FOR VDLFL2.

  ERROR OCCURRED IN THE BRANT WALD TEST FOR PROPORTIONAL ODDS FOR VDSEVENS.



MODEL FIT INFORMATION

Number of Free Parameters                       96

Loglikelihood

          H0 Value                      -17481.549
          H0 Scaling Correction Factor      1.1618
            for MLR

Information Criteria

          Akaike (AIC)                   35155.099
          Bayesian (BIC)                 35746.399
          Sample-Size Adjusted BIC       35441.360
            (n* = (n + 2) / 24)



FINAL CLASS COUNTS AND PROPORTIONS FOR THE LATENT CLASSES
BASED ON THE ESTIMATED MODEL

    Latent
   Classes

       1       2313.00000          0.66161
       2        808.00000          0.23112
       3        375.00000          0.10727


MODEL RESULTS

                                                    Two-Tailed
                    Estimate       S.E.  Est./S.E.    P-Value

Latent Class 1 (1)

 VDORI      ON
    X1                -0.076      0.000    999.000    999.000
    X2                 0.391      0.000    999.000    999.000
    X3                -1.647      0.000    999.000    999.000
    X4                 0.760      0.000    999.000    999.000
    X5                -0.031      0.000    999.000    999.000
    X6                -0.204      0.000    999.000    999.000
    X7                 0.146      0.000    999.000    999.000
    X1X4               0.007      0.000    999.000    999.000
    X1X5               0.138      0.000    999.000    999.000
    X1X6               0.082      0.000    999.000    999.000
    X1X7              -0.010      0.000    999.000    999.000
    X2X4              -0.273      0.000    999.000    999.000
    X2X5              -1.067      0.000    999.000    999.000
    X2X6              -1.065      0.000    999.000    999.000
    X2X7               0.029      0.000    999.000    999.000
    X3X4               1.132      0.000    999.000    999.000
    X3X5               4.982      0.000    999.000    999.000
    X3X6               9.340      0.000    999.000    999.000
    X3X7              -0.090      0.000    999.000    999.000
    X4X5               1.014      0.000    999.000    999.000
    X4X6              -0.106      0.000    999.000    999.000
    X4X7              -0.054      0.000    999.000    999.000
    X5X7              -0.013      0.000    999.000    999.000
    X6X7              -0.081      0.000    999.000    999.000

 VDLFL1Z    ON
    X1                -0.006      0.000    999.000    999.000
    X2                 0.016      0.000    999.000    999.000
    X3                -0.042      0.000    999.000    999.000
    X4                 0.001      0.000    999.000    999.000
    X5                -0.028      0.000    999.000    999.000
    X6                -0.033      0.000    999.000    999.000
    X7                 0.009      0.000    999.000    999.000
    X1X4               0.003      0.000    999.000    999.000
    X1X5               0.001      0.000    999.000    999.000
    X1X6               0.003      0.000    999.000    999.000
    X1X7               0.001      0.000    999.000    999.000
    X2X4              -0.015      0.000    999.000    999.000
    X2X5               0.002      0.000    999.000    999.000
    X2X6              -0.002      0.000    999.000    999.000
    X2X7              -0.004      0.000    999.000    999.000
    X3X4               0.047      0.000    999.000    999.000
    X3X5              -0.022      0.000    999.000    999.000
    X3X6              -0.049      0.000    999.000    999.000
    X3X7               0.014      0.000    999.000    999.000
    X4X5              -0.010      0.000    999.000    999.000
    X4X6               0.022      0.000    999.000    999.000
    X4X7               0.003      0.000    999.000    999.000
    X5X7              -0.002      0.000    999.000    999.000
    X6X7              -0.004      0.000    999.000    999.000

 VDLFL2     ON
    X1                -0.069      0.000    999.000    999.000
    X2                -0.544      0.000    999.000    999.000
    X3                 3.344      0.000    999.000    999.000
    X4                -0.783      0.000    999.000    999.000
    X5                -1.332      0.000    999.000    999.000
    X6                -0.658      0.000    999.000    999.000
    X7                 0.206      0.000    999.000    999.000
    X1X4              -0.101      0.000    999.000    999.000
    X1X5               0.309      0.000    999.000    999.000
    X1X6               0.487      0.000    999.000    999.000
    X1X7               0.031      0.000    999.000    999.000
    X2X4               1.714      0.000    999.000    999.000
    X2X5              -2.129      0.000    999.000    999.000
    X2X6              -3.447      0.000    999.000    999.000
    X2X7              -0.226      0.000    999.000    999.000
    X3X4              -7.026      0.000    999.000    999.000
    X3X5              10.395      0.000    999.000    999.000
    X3X6              14.016      0.000    999.000    999.000
    X3X7               1.296      0.000    999.000    999.000
    X4X5              -0.668      0.000    999.000    999.000
    X4X6               1.013      0.000    999.000    999.000
    X4X7              -0.018      0.000    999.000    999.000
    X5X7               0.316      0.000    999.000    999.000
    X6X7               0.127      0.000    999.000    999.000

 VDLFL3     ON
    X1                -0.080      0.000    999.000    999.000
    X2                 0.290      0.000    999.000    999.000
    X3                -1.424      0.000    999.000    999.000
    X4                -0.272      0.000    999.000    999.000
    X5                -0.921      0.000    999.000    999.000
    X6                -1.132      0.000    999.000    999.000
    X7                 0.065      0.000    999.000    999.000
    X1X4               0.140      0.000    999.000    999.000
    X1X5               0.055      0.000    999.000    999.000
    X1X6              -0.021      0.000    999.000    999.000
    X1X7               0.000      0.000    999.000    999.000
    X2X4              -0.810      0.000    999.000    999.000
    X2X5              -0.106      0.000    999.000    999.000
    X2X6               0.466      0.000    999.000    999.000
    X2X7               0.026      0.000    999.000    999.000
    X3X4               4.157      0.000    999.000    999.000
    X3X5               0.195      0.000    999.000    999.000
    X3X6              -2.935      0.000    999.000    999.000
    X3X7              -0.185      0.000    999.000    999.000
    X4X5               0.032      0.000    999.000    999.000
    X4X6               0.334      0.000    999.000    999.000
    X4X7               0.110      0.000    999.000    999.000
    X5X7               0.204      0.000    999.000    999.000
    X6X7               0.098      0.000    999.000    999.000

 VDWDIMMZ   ON
    X1                -0.006      0.000    999.000    999.000
    X2                 0.019      0.000    999.000    999.000
    X3                -0.103      0.000    999.000    999.000
    X4                 0.055      0.000    999.000    999.000
    X5                -0.067      0.000    999.000    999.000
    X6                -0.013      0.000    999.000    999.000
    X7                 0.019      0.000    999.000    999.000
    X1X4               0.006      0.000    999.000    999.000
    X1X5               0.006      0.000    999.000    999.000
    X1X6              -0.004      0.000    999.000    999.000
    X1X7               0.000      0.000    999.000    999.000
    X2X4              -0.040      0.000    999.000    999.000
    X2X5              -0.028      0.000    999.000    999.000
    X2X6               0.036      0.000    999.000    999.000
    X2X7              -0.002      0.000    999.000    999.000
    X3X4               0.188      0.000    999.000    999.000
    X3X5               0.093      0.000    999.000    999.000
    X3X6              -0.180      0.000    999.000    999.000
    X3X7               0.008      0.000    999.000    999.000
    X4X5               0.026      0.000    999.000    999.000
    X4X6              -0.025      0.000    999.000    999.000
    X4X7               0.001      0.000    999.000    999.000
    X5X7              -0.005      0.000    999.000    999.000
    X6X7              -0.012      0.000    999.000    999.000

 VDWDDELZ   ON
    X1                -0.006      0.000    999.000    999.000
    X2                 0.008      0.000    999.000    999.000
    X3                -0.066      0.000    999.000    999.000
    X4                 0.061      0.000    999.000    999.000
    X5                -0.086      0.000    999.000    999.000
    X6                 0.006      0.000    999.000    999.000
    X7                 0.021      0.000    999.000    999.000
    X1X4               0.008      0.000    999.000    999.000
    X1X5               0.005      0.000    999.000    999.000
    X1X6              -0.008      0.000    999.000    999.000
    X1X7               0.000      0.000    999.000    999.000
    X2X4              -0.037      0.000    999.000    999.000
    X2X5              -0.050      0.000    999.000    999.000
    X2X6               0.006      0.000    999.000    999.000
    X2X7               0.000      0.000    999.000    999.000
    X3X4               0.168      0.000    999.000    999.000
    X3X5               0.236      0.000    999.000    999.000
    X3X6               0.048      0.000    999.000    999.000
    X3X7              -0.002      0.000    999.000    999.000
    X4X5               0.012      0.000    999.000    999.000
    X4X6              -0.028      0.000    999.000    999.000
    X4X7               0.003      0.000    999.000    999.000
    X5X7              -0.006      0.000    999.000    999.000
    X6X7              -0.013      0.000    999.000    999.000

 VDEXF7Z    ON
    X1                -0.003      0.000    999.000    999.000
    X2                -0.010      0.000    999.000    999.000
    X3                 0.066      0.000    999.000    999.000
    X4                -0.030      0.000    999.000    999.000
    X5                -0.191      0.000    999.000    999.000
    X6                -0.115      0.000    999.000    999.000
    X7                 0.026      0.000    999.000    999.000
    X1X4              -0.002      0.000    999.000    999.000
    X1X5               0.000      0.000    999.000    999.000
    X1X6               0.007      0.000    999.000    999.000
    X1X7               0.000      0.000    999.000    999.000
    X2X4               0.016      0.000    999.000    999.000
    X2X5              -0.004      0.000    999.000    999.000
    X2X6              -0.053      0.000    999.000    999.000
    X2X7              -0.001      0.000    999.000    999.000
    X3X4              -0.086      0.000    999.000    999.000
    X3X5               0.057      0.000    999.000    999.000
    X3X6               0.280      0.000    999.000    999.000
    X3X7               0.004      0.000    999.000    999.000
    X4X5               0.064      0.000    999.000    999.000
    X4X6               0.000      0.000    999.000    999.000
    X4X7              -0.002      0.000    999.000    999.000
    X5X7               0.011      0.000    999.000    999.000
    X6X7              -0.006      0.000    999.000    999.000

 VDSEVENS   ON
    X1                -0.054      0.000    999.000    999.000
    X2                -0.007      0.000    999.000    999.000
    X3                 0.531      0.000    999.000    999.000
    X4                -0.680      0.000    999.000    999.000
    X5                -1.815      0.000    999.000    999.000
    X6                -0.460      0.000    999.000    999.000
    X7                 0.166      0.000    999.000    999.000
    X1X4               0.012      0.000    999.000    999.000
    X1X5               0.076      0.000    999.000    999.000
    X1X6               0.198      0.000    999.000    999.000
    X1X7               0.011      0.000    999.000    999.000
    X2X4               0.111      0.000    999.000    999.000
    X2X5              -0.527      0.000    999.000    999.000
    X2X6              -1.109      0.000    999.000    999.000
    X2X7              -0.042      0.000    999.000    999.000
    X3X4              -0.885      0.000    999.000    999.000
    X3X5               1.564      0.000    999.000    999.000
    X3X6               6.662      0.000    999.000    999.000
    X3X7               0.162      0.000    999.000    999.000
    X4X5               0.606      0.000    999.000    999.000
    X4X6              -0.563      0.000    999.000    999.000
    X4X7               0.011      0.000    999.000    999.000
    X5X7               0.159      0.000    999.000    999.000
    X6X7              -0.073      0.000    999.000    999.000

 VDCOUNT    ON
    X1                -0.058      0.000    999.000    999.000
    X2                -0.092      0.000    999.000    999.000
    X3                 0.424      0.000    999.000    999.000
    X4                -0.349      0.000    999.000    999.000
    X5                -0.891      0.000    999.000    999.000
    X6                 1.844      0.000    999.000    999.000
    X7                 0.221      0.000    999.000    999.000
    X1X4               0.213      0.000    999.000    999.000
    X1X5              -0.156      0.000    999.000    999.000
    X1X6               0.054      0.000    999.000    999.000
    X1X7               0.012      0.000    999.000    999.000
    X2X4              -0.924      0.000    999.000    999.000
    X2X5               1.138      0.000    999.000    999.000
    X2X6               0.282      0.000    999.000    999.000
    X2X7              -0.011      0.000    999.000    999.000
    X3X4               3.667      0.000    999.000    999.000
    X3X5              -5.257      0.000    999.000    999.000
    X3X6              -3.898      0.000    999.000    999.000
    X3X7              -0.183      0.000    999.000    999.000
    X4X5              -0.042      0.000    999.000    999.000
    X4X6              -2.154      0.000    999.000    999.000
    X4X7              -0.118      0.000    999.000    999.000
    X5X7              -0.003      0.000    999.000    999.000
    X6X7               0.082      0.000    999.000    999.000

 VDWDIMMZ WITH
    VDLFL1Z            0.000      0.000    999.000    999.000

 VDWDDELZ WITH
    VDLFL1Z            0.000      0.000    999.000    999.000
    VDWDIMMZ           0.019      0.000    999.000    999.000

 VDEXF7Z  WITH
    VDLFL1Z            0.000      0.000    999.000    999.000
    VDWDIMMZ           0.000      0.000    999.000    999.000
    VDWDDELZ           0.000      0.000    999.000    999.000

 Intercepts
    VDLFL1Z            0.186      0.001    140.724      0.000
    VDWDIMMZ           0.543      0.003    168.772      0.000
    VDWDDELZ           0.451      0.004    115.209      0.000
    VDEXF7Z            0.637      0.003    214.764      0.000

 Thresholds
    VDORI$1           -7.244      0.695    -10.430      0.000
    VDORI$2           -5.626      0.327    -17.213      0.000
    VDORI$3           -3.983      0.121    -32.924      0.000
    VDORI$4           -1.618      0.056    -28.921      0.000
    VDLFL2$1          -7.795      0.444    -17.561      0.000
    VDLFL2$2          -4.395      0.122    -35.892      0.000
    VDLFL3$1          -5.052      0.193    -26.176      0.000
    VDLFL3$2          -1.156      0.049    -23.650      0.000
    VDSEVENS$1        -3.290      0.092    -35.614      0.000
    VDSEVENS$2        -2.069      0.068    -30.554      0.000
    VDSEVENS$3        -1.521      0.055    -27.681      0.000
    VDSEVENS$4        -0.721      0.049    -14.689      0.000
    VDSEVENS$5         0.211      0.048      4.434      0.000
    VDCOUNT$1         -3.374      0.107    -31.550      0.000
    NPG014$1           2.262      0.063     36.000      0.000
    NPG021$1           2.757      0.096     28.617      0.000
    NPG023$1           3.854      0.156     24.716      0.000
    NPG030$1           2.932      0.085     34.464      0.000
    NPG040$1           2.094      0.066     31.940      0.000
    NPG041$1           3.162      0.104     30.425      0.000
    NPG044$1           2.778      0.087     31.954      0.000
    NPG047$1           3.791      0.144     26.238      0.000
    NPG050$1           3.772      0.137     27.510      0.000
    NPG059$1           3.435      0.108     31.786      0.000
    PD102$1           -4.210      0.170    -24.833      0.000
    PD102$2            1.158      0.046     24.929      0.000

 Residual Variances
    VDLFL1Z            0.005      0.000     14.529      0.000
    VDWDIMMZ           0.023      0.000     70.108      0.000
    VDWDDELZ           0.032      0.001     63.361      0.000
    VDEXF7Z            0.023      0.001     21.294      0.000

Latent Class 2 (2)

 VDORI      ON
    X1                -0.076      0.000    999.000    999.000
    X2                 0.391      0.000    999.000    999.000
    X3                -1.647      0.000    999.000    999.000
    X4                 0.760      0.000    999.000    999.000
    X5                -0.031      0.000    999.000    999.000
    X6                -0.204      0.000    999.000    999.000
    X7                 0.146      0.000    999.000    999.000
    X1X4               0.007      0.000    999.000    999.000
    X1X5               0.138      0.000    999.000    999.000
    X1X6               0.082      0.000    999.000    999.000
    X1X7              -0.010      0.000    999.000    999.000
    X2X4              -0.273      0.000    999.000    999.000
    X2X5              -1.067      0.000    999.000    999.000
    X2X6              -1.065      0.000    999.000    999.000
    X2X7               0.029      0.000    999.000    999.000
    X3X4               1.132      0.000    999.000    999.000
    X3X5               4.982      0.000    999.000    999.000
    X3X6               9.340      0.000    999.000    999.000
    X3X7              -0.090      0.000    999.000    999.000
    X4X5               1.014      0.000    999.000    999.000
    X4X6              -0.106      0.000    999.000    999.000
    X4X7              -0.054      0.000    999.000    999.000
    X5X7              -0.013      0.000    999.000    999.000
    X6X7              -0.081      0.000    999.000    999.000

 VDLFL1Z    ON
    X1                -0.006      0.000    999.000    999.000
    X2                 0.016      0.000    999.000    999.000
    X3                -0.042      0.000    999.000    999.000
    X4                 0.001      0.000    999.000    999.000
    X5                -0.028      0.000    999.000    999.000
    X6                -0.033      0.000    999.000    999.000
    X7                 0.009      0.000    999.000    999.000
    X1X4               0.003      0.000    999.000    999.000
    X1X5               0.001      0.000    999.000    999.000
    X1X6               0.003      0.000    999.000    999.000
    X1X7               0.001      0.000    999.000    999.000
    X2X4              -0.015      0.000    999.000    999.000
    X2X5               0.002      0.000    999.000    999.000
    X2X6              -0.002      0.000    999.000    999.000
    X2X7              -0.004      0.000    999.000    999.000
    X3X4               0.047      0.000    999.000    999.000
    X3X5              -0.022      0.000    999.000    999.000
    X3X6              -0.049      0.000    999.000    999.000
    X3X7               0.014      0.000    999.000    999.000
    X4X5              -0.010      0.000    999.000    999.000
    X4X6               0.022      0.000    999.000    999.000
    X4X7               0.003      0.000    999.000    999.000
    X5X7              -0.002      0.000    999.000    999.000
    X6X7              -0.004      0.000    999.000    999.000

 VDLFL2     ON
    X1                -0.069      0.000    999.000    999.000
    X2                -0.544      0.000    999.000    999.000
    X3                 3.344      0.000    999.000    999.000
    X4                -0.783      0.000    999.000    999.000
    X5                -1.332      0.000    999.000    999.000
    X6                -0.658      0.000    999.000    999.000
    X7                 0.206      0.000    999.000    999.000
    X1X4              -0.101      0.000    999.000    999.000
    X1X5               0.309      0.000    999.000    999.000
    X1X6               0.487      0.000    999.000    999.000
    X1X7               0.031      0.000    999.000    999.000
    X2X4               1.714      0.000    999.000    999.000
    X2X5              -2.129      0.000    999.000    999.000
    X2X6              -3.447      0.000    999.000    999.000
    X2X7              -0.226      0.000    999.000    999.000
    X3X4              -7.026      0.000    999.000    999.000
    X3X5              10.395      0.000    999.000    999.000
    X3X6              14.016      0.000    999.000    999.000
    X3X7               1.296      0.000    999.000    999.000
    X4X5              -0.668      0.000    999.000    999.000
    X4X6               1.013      0.000    999.000    999.000
    X4X7              -0.018      0.000    999.000    999.000
    X5X7               0.316      0.000    999.000    999.000
    X6X7               0.127      0.000    999.000    999.000

 VDLFL3     ON
    X1                -0.080      0.000    999.000    999.000
    X2                 0.290      0.000    999.000    999.000
    X3                -1.424      0.000    999.000    999.000
    X4                -0.272      0.000    999.000    999.000
    X5                -0.921      0.000    999.000    999.000
    X6                -1.132      0.000    999.000    999.000
    X7                 0.065      0.000    999.000    999.000
    X1X4               0.140      0.000    999.000    999.000
    X1X5               0.055      0.000    999.000    999.000
    X1X6              -0.021      0.000    999.000    999.000
    X1X7               0.000      0.000    999.000    999.000
    X2X4              -0.810      0.000    999.000    999.000
    X2X5              -0.106      0.000    999.000    999.000
    X2X6               0.466      0.000    999.000    999.000
    X2X7               0.026      0.000    999.000    999.000
    X3X4               4.157      0.000    999.000    999.000
    X3X5               0.195      0.000    999.000    999.000
    X3X6              -2.935      0.000    999.000    999.000
    X3X7              -0.185      0.000    999.000    999.000
    X4X5               0.032      0.000    999.000    999.000
    X4X6               0.334      0.000    999.000    999.000
    X4X7               0.110      0.000    999.000    999.000
    X5X7               0.204      0.000    999.000    999.000
    X6X7               0.098      0.000    999.000    999.000

 VDWDIMMZ   ON
    X1                -0.006      0.000    999.000    999.000
    X2                 0.019      0.000    999.000    999.000
    X3                -0.103      0.000    999.000    999.000
    X4                 0.055      0.000    999.000    999.000
    X5                -0.067      0.000    999.000    999.000
    X6                -0.013      0.000    999.000    999.000
    X7                 0.019      0.000    999.000    999.000
    X1X4               0.006      0.000    999.000    999.000
    X1X5               0.006      0.000    999.000    999.000
    X1X6              -0.004      0.000    999.000    999.000
    X1X7               0.000      0.000    999.000    999.000
    X2X4              -0.040      0.000    999.000    999.000
    X2X5              -0.028      0.000    999.000    999.000
    X2X6               0.036      0.000    999.000    999.000
    X2X7              -0.002      0.000    999.000    999.000
    X3X4               0.188      0.000    999.000    999.000
    X3X5               0.093      0.000    999.000    999.000
    X3X6              -0.180      0.000    999.000    999.000
    X3X7               0.008      0.000    999.000    999.000
    X4X5               0.026      0.000    999.000    999.000
    X4X6              -0.025      0.000    999.000    999.000
    X4X7               0.001      0.000    999.000    999.000
    X5X7              -0.005      0.000    999.000    999.000
    X6X7              -0.012      0.000    999.000    999.000

 VDWDDELZ   ON
    X1                -0.006      0.000    999.000    999.000
    X2                 0.008      0.000    999.000    999.000
    X3                -0.066      0.000    999.000    999.000
    X4                 0.061      0.000    999.000    999.000
    X5                -0.086      0.000    999.000    999.000
    X6                 0.006      0.000    999.000    999.000
    X7                 0.021      0.000    999.000    999.000
    X1X4               0.008      0.000    999.000    999.000
    X1X5               0.005      0.000    999.000    999.000
    X1X6              -0.008      0.000    999.000    999.000
    X1X7               0.000      0.000    999.000    999.000
    X2X4              -0.037      0.000    999.000    999.000
    X2X5              -0.050      0.000    999.000    999.000
    X2X6               0.006      0.000    999.000    999.000
    X2X7               0.000      0.000    999.000    999.000
    X3X4               0.168      0.000    999.000    999.000
    X3X5               0.236      0.000    999.000    999.000
    X3X6               0.048      0.000    999.000    999.000
    X3X7              -0.002      0.000    999.000    999.000
    X4X5               0.012      0.000    999.000    999.000
    X4X6              -0.028      0.000    999.000    999.000
    X4X7               0.003      0.000    999.000    999.000
    X5X7              -0.006      0.000    999.000    999.000
    X6X7              -0.013      0.000    999.000    999.000

 VDEXF7Z    ON
    X1                -0.003      0.000    999.000    999.000
    X2                -0.010      0.000    999.000    999.000
    X3                 0.066      0.000    999.000    999.000
    X4                -0.030      0.000    999.000    999.000
    X5                -0.191      0.000    999.000    999.000
    X6                -0.115      0.000    999.000    999.000
    X7                 0.026      0.000    999.000    999.000
    X1X4              -0.002      0.000    999.000    999.000
    X1X5               0.000      0.000    999.000    999.000
    X1X6               0.007      0.000    999.000    999.000
    X1X7               0.000      0.000    999.000    999.000
    X2X4               0.016      0.000    999.000    999.000
    X2X5              -0.004      0.000    999.000    999.000
    X2X6              -0.053      0.000    999.000    999.000
    X2X7              -0.001      0.000    999.000    999.000
    X3X4              -0.086      0.000    999.000    999.000
    X3X5               0.057      0.000    999.000    999.000
    X3X6               0.280      0.000    999.000    999.000
    X3X7               0.004      0.000    999.000    999.000
    X4X5               0.064      0.000    999.000    999.000
    X4X6               0.000      0.000    999.000    999.000
    X4X7              -0.002      0.000    999.000    999.000
    X5X7               0.011      0.000    999.000    999.000
    X6X7              -0.006      0.000    999.000    999.000

 VDSEVENS   ON
    X1                -0.054      0.000    999.000    999.000
    X2                -0.007      0.000    999.000    999.000
    X3                 0.531      0.000    999.000    999.000
    X4                -0.680      0.000    999.000    999.000
    X5                -1.815      0.000    999.000    999.000
    X6                -0.460      0.000    999.000    999.000
    X7                 0.166      0.000    999.000    999.000
    X1X4               0.012      0.000    999.000    999.000
    X1X5               0.076      0.000    999.000    999.000
    X1X6               0.198      0.000    999.000    999.000
    X1X7               0.011      0.000    999.000    999.000
    X2X4               0.111      0.000    999.000    999.000
    X2X5              -0.527      0.000    999.000    999.000
    X2X6              -1.109      0.000    999.000    999.000
    X2X7              -0.042      0.000    999.000    999.000
    X3X4              -0.885      0.000    999.000    999.000
    X3X5               1.564      0.000    999.000    999.000
    X3X6               6.662      0.000    999.000    999.000
    X3X7               0.162      0.000    999.000    999.000
    X4X5               0.606      0.000    999.000    999.000
    X4X6              -0.563      0.000    999.000    999.000
    X4X7               0.011      0.000    999.000    999.000
    X5X7               0.159      0.000    999.000    999.000
    X6X7              -0.073      0.000    999.000    999.000

 VDCOUNT    ON
    X1                -0.058      0.000    999.000    999.000
    X2                -0.092      0.000    999.000    999.000
    X3                 0.424      0.000    999.000    999.000
    X4                -0.349      0.000    999.000    999.000
    X5                -0.891      0.000    999.000    999.000
    X6                 1.844      0.000    999.000    999.000
    X7                 0.221      0.000    999.000    999.000
    X1X4               0.213      0.000    999.000    999.000
    X1X5              -0.156      0.000    999.000    999.000
    X1X6               0.054      0.000    999.000    999.000
    X1X7               0.012      0.000    999.000    999.000
    X2X4              -0.924      0.000    999.000    999.000
    X2X5               1.138      0.000    999.000    999.000
    X2X6               0.282      0.000    999.000    999.000
    X2X7              -0.011      0.000    999.000    999.000
    X3X4               3.667      0.000    999.000    999.000
    X3X5              -5.257      0.000    999.000    999.000
    X3X6              -3.898      0.000    999.000    999.000
    X3X7              -0.183      0.000    999.000    999.000
    X4X5              -0.042      0.000    999.000    999.000
    X4X6              -2.154      0.000    999.000    999.000
    X4X7              -0.118      0.000    999.000    999.000
    X5X7              -0.003      0.000    999.000    999.000
    X6X7               0.082      0.000    999.000    999.000

 VDWDIMMZ WITH
    VDLFL1Z            0.000      0.000    999.000    999.000

 VDWDDELZ WITH
    VDLFL1Z            0.000      0.000    999.000    999.000
    VDWDIMMZ           0.019      0.000    999.000    999.000

 VDEXF7Z  WITH
    VDLFL1Z            0.000      0.000    999.000    999.000
    VDWDIMMZ           0.000      0.000    999.000    999.000
    VDWDDELZ           0.000      0.000    999.000    999.000

 Intercepts
    VDLFL1Z            0.155      0.003     53.537      0.000
    VDWDIMMZ           0.456      0.005     83.028      0.000
    VDWDDELZ           0.328      0.008     43.214      0.000
    VDEXF7Z            0.554      0.006     87.505      0.000

 Thresholds
    VDORI$1           -4.715      0.342    -13.771      0.000
    VDORI$2           -3.956      0.279    -14.181      0.000
    VDORI$3           -2.860      0.184    -15.517      0.000
    VDORI$4           -0.877      0.085    -10.282      0.000
    VDLFL2$1          -6.889      0.754     -9.134      0.000
    VDLFL2$2          -3.093      0.153    -20.187      0.000
    VDLFL3$1          -4.102      0.264    -15.520      0.000
    VDLFL3$2          -0.325      0.081     -4.007      0.000
    VDSEVENS$1        -2.089      0.113    -18.456      0.000
    VDSEVENS$2        -1.043      0.100    -10.404      0.000
    VDSEVENS$3        -0.418      0.082     -5.094      0.000
    VDSEVENS$4         0.153      0.075      2.029      0.042
    VDSEVENS$5         1.076      0.089     12.061      0.000
    VDCOUNT$1         -2.665      0.140    -19.094      0.000
    NPG014$1           1.447      0.086     16.893      0.000
    NPG021$1           1.776      0.110     16.105      0.000
    NPG023$1           2.484      0.135     18.393      0.000
    NPG030$1           2.010      0.130     15.453      0.000
    NPG040$1           1.050      0.079     13.253      0.000
    NPG041$1           1.934      0.110     17.559      0.000
    NPG044$1           1.550      0.097     15.991      0.000
    NPG047$1           2.114      0.126     16.725      0.000
    NPG050$1           2.402      0.159     15.102      0.000
    NPG059$1           1.952      0.115     16.952      0.000
    PD102$1           -3.356      0.132    -25.391      0.000
    PD102$2            0.707      0.086      8.247      0.000

 Residual Variances
    VDLFL1Z            0.005      0.000     14.529      0.000
    VDWDIMMZ           0.023      0.000     70.108      0.000
    VDWDDELZ           0.032      0.001     63.361      0.000
    VDEXF7Z            0.023      0.001     21.294      0.000

Latent Class 3 (3)

 VDORI      ON
    X1                -0.076      0.000    999.000    999.000
    X2                 0.391      0.000    999.000    999.000
    X3                -1.647      0.000    999.000    999.000
    X4                 0.760      0.000    999.000    999.000
    X5                -0.031      0.000    999.000    999.000
    X6                -0.204      0.000    999.000    999.000
    X7                 0.146      0.000    999.000    999.000
    X1X4               0.007      0.000    999.000    999.000
    X1X5               0.138      0.000    999.000    999.000
    X1X6               0.082      0.000    999.000    999.000
    X1X7              -0.010      0.000    999.000    999.000
    X2X4              -0.273      0.000    999.000    999.000
    X2X5              -1.067      0.000    999.000    999.000
    X2X6              -1.065      0.000    999.000    999.000
    X2X7               0.029      0.000    999.000    999.000
    X3X4               1.132      0.000    999.000    999.000
    X3X5               4.982      0.000    999.000    999.000
    X3X6               9.340      0.000    999.000    999.000
    X3X7              -0.090      0.000    999.000    999.000
    X4X5               1.014      0.000    999.000    999.000
    X4X6              -0.106      0.000    999.000    999.000
    X4X7              -0.054      0.000    999.000    999.000
    X5X7              -0.013      0.000    999.000    999.000
    X6X7              -0.081      0.000    999.000    999.000

 VDLFL1Z    ON
    X1                -0.006      0.000    999.000    999.000
    X2                 0.016      0.000    999.000    999.000
    X3                -0.042      0.000    999.000    999.000
    X4                 0.001      0.000    999.000    999.000
    X5                -0.028      0.000    999.000    999.000
    X6                -0.033      0.000    999.000    999.000
    X7                 0.009      0.000    999.000    999.000
    X1X4               0.003      0.000    999.000    999.000
    X1X5               0.001      0.000    999.000    999.000
    X1X6               0.003      0.000    999.000    999.000
    X1X7               0.001      0.000    999.000    999.000
    X2X4              -0.015      0.000    999.000    999.000
    X2X5               0.002      0.000    999.000    999.000
    X2X6              -0.002      0.000    999.000    999.000
    X2X7              -0.004      0.000    999.000    999.000
    X3X4               0.047      0.000    999.000    999.000
    X3X5              -0.022      0.000    999.000    999.000
    X3X6              -0.049      0.000    999.000    999.000
    X3X7               0.014      0.000    999.000    999.000
    X4X5              -0.010      0.000    999.000    999.000
    X4X6               0.022      0.000    999.000    999.000
    X4X7               0.003      0.000    999.000    999.000
    X5X7              -0.002      0.000    999.000    999.000
    X6X7              -0.004      0.000    999.000    999.000

 VDLFL2     ON
    X1                -0.069      0.000    999.000    999.000
    X2                -0.544      0.000    999.000    999.000
    X3                 3.344      0.000    999.000    999.000
    X4                -0.783      0.000    999.000    999.000
    X5                -1.332      0.000    999.000    999.000
    X6                -0.658      0.000    999.000    999.000
    X7                 0.206      0.000    999.000    999.000
    X1X4              -0.101      0.000    999.000    999.000
    X1X5               0.309      0.000    999.000    999.000
    X1X6               0.487      0.000    999.000    999.000
    X1X7               0.031      0.000    999.000    999.000
    X2X4               1.714      0.000    999.000    999.000
    X2X5              -2.129      0.000    999.000    999.000
    X2X6              -3.447      0.000    999.000    999.000
    X2X7              -0.226      0.000    999.000    999.000
    X3X4              -7.026      0.000    999.000    999.000
    X3X5              10.395      0.000    999.000    999.000
    X3X6              14.016      0.000    999.000    999.000
    X3X7               1.296      0.000    999.000    999.000
    X4X5              -0.668      0.000    999.000    999.000
    X4X6               1.013      0.000    999.000    999.000
    X4X7              -0.018      0.000    999.000    999.000
    X5X7               0.316      0.000    999.000    999.000
    X6X7               0.127      0.000    999.000    999.000

 VDLFL3     ON
    X1                -0.080      0.000    999.000    999.000
    X2                 0.290      0.000    999.000    999.000
    X3                -1.424      0.000    999.000    999.000
    X4                -0.272      0.000    999.000    999.000
    X5                -0.921      0.000    999.000    999.000
    X6                -1.132      0.000    999.000    999.000
    X7                 0.065      0.000    999.000    999.000
    X1X4               0.140      0.000    999.000    999.000
    X1X5               0.055      0.000    999.000    999.000
    X1X6              -0.021      0.000    999.000    999.000
    X1X7               0.000      0.000    999.000    999.000
    X2X4              -0.810      0.000    999.000    999.000
    X2X5              -0.106      0.000    999.000    999.000
    X2X6               0.466      0.000    999.000    999.000
    X2X7               0.026      0.000    999.000    999.000
    X3X4               4.157      0.000    999.000    999.000
    X3X5               0.195      0.000    999.000    999.000
    X3X6              -2.935      0.000    999.000    999.000
    X3X7              -0.185      0.000    999.000    999.000
    X4X5               0.032      0.000    999.000    999.000
    X4X6               0.334      0.000    999.000    999.000
    X4X7               0.110      0.000    999.000    999.000
    X5X7               0.204      0.000    999.000    999.000
    X6X7               0.098      0.000    999.000    999.000

 VDWDIMMZ   ON
    X1                -0.006      0.000    999.000    999.000
    X2                 0.019      0.000    999.000    999.000
    X3                -0.103      0.000    999.000    999.000
    X4                 0.055      0.000    999.000    999.000
    X5                -0.067      0.000    999.000    999.000
    X6                -0.013      0.000    999.000    999.000
    X7                 0.019      0.000    999.000    999.000
    X1X4               0.006      0.000    999.000    999.000
    X1X5               0.006      0.000    999.000    999.000
    X1X6              -0.004      0.000    999.000    999.000
    X1X7               0.000      0.000    999.000    999.000
    X2X4              -0.040      0.000    999.000    999.000
    X2X5              -0.028      0.000    999.000    999.000
    X2X6               0.036      0.000    999.000    999.000
    X2X7              -0.002      0.000    999.000    999.000
    X3X4               0.188      0.000    999.000    999.000
    X3X5               0.093      0.000    999.000    999.000
    X3X6              -0.180      0.000    999.000    999.000
    X3X7               0.008      0.000    999.000    999.000
    X4X5               0.026      0.000    999.000    999.000
    X4X6              -0.025      0.000    999.000    999.000
    X4X7               0.001      0.000    999.000    999.000
    X5X7              -0.005      0.000    999.000    999.000
    X6X7              -0.012      0.000    999.000    999.000

 VDWDDELZ   ON
    X1                -0.006      0.000    999.000    999.000
    X2                 0.008      0.000    999.000    999.000
    X3                -0.066      0.000    999.000    999.000
    X4                 0.061      0.000    999.000    999.000
    X5                -0.086      0.000    999.000    999.000
    X6                 0.006      0.000    999.000    999.000
    X7                 0.021      0.000    999.000    999.000
    X1X4               0.008      0.000    999.000    999.000
    X1X5               0.005      0.000    999.000    999.000
    X1X6              -0.008      0.000    999.000    999.000
    X1X7               0.000      0.000    999.000    999.000
    X2X4              -0.037      0.000    999.000    999.000
    X2X5              -0.050      0.000    999.000    999.000
    X2X6               0.006      0.000    999.000    999.000
    X2X7               0.000      0.000    999.000    999.000
    X3X4               0.168      0.000    999.000    999.000
    X3X5               0.236      0.000    999.000    999.000
    X3X6               0.048      0.000    999.000    999.000
    X3X7              -0.002      0.000    999.000    999.000
    X4X5               0.012      0.000    999.000    999.000
    X4X6              -0.028      0.000    999.000    999.000
    X4X7               0.003      0.000    999.000    999.000
    X5X7              -0.006      0.000    999.000    999.000
    X6X7              -0.013      0.000    999.000    999.000

 VDEXF7Z    ON
    X1                -0.003      0.000    999.000    999.000
    X2                -0.010      0.000    999.000    999.000
    X3                 0.066      0.000    999.000    999.000
    X4                -0.030      0.000    999.000    999.000
    X5                -0.191      0.000    999.000    999.000
    X6                -0.115      0.000    999.000    999.000
    X7                 0.026      0.000    999.000    999.000
    X1X4              -0.002      0.000    999.000    999.000
    X1X5               0.000      0.000    999.000    999.000
    X1X6               0.007      0.000    999.000    999.000
    X1X7               0.000      0.000    999.000    999.000
    X2X4               0.016      0.000    999.000    999.000
    X2X5              -0.004      0.000    999.000    999.000
    X2X6              -0.053      0.000    999.000    999.000
    X2X7              -0.001      0.000    999.000    999.000
    X3X4              -0.086      0.000    999.000    999.000
    X3X5               0.057      0.000    999.000    999.000
    X3X6               0.280      0.000    999.000    999.000
    X3X7               0.004      0.000    999.000    999.000
    X4X5               0.064      0.000    999.000    999.000
    X4X6               0.000      0.000    999.000    999.000
    X4X7              -0.002      0.000    999.000    999.000
    X5X7               0.011      0.000    999.000    999.000
    X6X7              -0.006      0.000    999.000    999.000

 VDSEVENS   ON
    X1                -0.054      0.000    999.000    999.000
    X2                -0.007      0.000    999.000    999.000
    X3                 0.531      0.000    999.000    999.000
    X4                -0.680      0.000    999.000    999.000
    X5                -1.815      0.000    999.000    999.000
    X6                -0.460      0.000    999.000    999.000
    X7                 0.166      0.000    999.000    999.000
    X1X4               0.012      0.000    999.000    999.000
    X1X5               0.076      0.000    999.000    999.000
    X1X6               0.198      0.000    999.000    999.000
    X1X7               0.011      0.000    999.000    999.000
    X2X4               0.111      0.000    999.000    999.000
    X2X5              -0.527      0.000    999.000    999.000
    X2X6              -1.109      0.000    999.000    999.000
    X2X7              -0.042      0.000    999.000    999.000
    X3X4              -0.885      0.000    999.000    999.000
    X3X5               1.564      0.000    999.000    999.000
    X3X6               6.662      0.000    999.000    999.000
    X3X7               0.162      0.000    999.000    999.000
    X4X5               0.606      0.000    999.000    999.000
    X4X6              -0.563      0.000    999.000    999.000
    X4X7               0.011      0.000    999.000    999.000
    X5X7               0.159      0.000    999.000    999.000
    X6X7              -0.073      0.000    999.000    999.000

 VDCOUNT    ON
    X1                -0.058      0.000    999.000    999.000
    X2                -0.092      0.000    999.000    999.000
    X3                 0.424      0.000    999.000    999.000
    X4                -0.349      0.000    999.000    999.000
    X5                -0.891      0.000    999.000    999.000
    X6                 1.844      0.000    999.000    999.000
    X7                 0.221      0.000    999.000    999.000
    X1X4               0.213      0.000    999.000    999.000
    X1X5              -0.156      0.000    999.000    999.000
    X1X6               0.054      0.000    999.000    999.000
    X1X7               0.012      0.000    999.000    999.000
    X2X4              -0.924      0.000    999.000    999.000
    X2X5               1.138      0.000    999.000    999.000
    X2X6               0.282      0.000    999.000    999.000
    X2X7              -0.011      0.000    999.000    999.000
    X3X4               3.667      0.000    999.000    999.000
    X3X5              -5.257      0.000    999.000    999.000
    X3X6              -3.898      0.000    999.000    999.000
    X3X7              -0.183      0.000    999.000    999.000
    X4X5              -0.042      0.000    999.000    999.000
    X4X6              -2.154      0.000    999.000    999.000
    X4X7              -0.118      0.000    999.000    999.000
    X5X7              -0.003      0.000    999.000    999.000
    X6X7               0.082      0.000    999.000    999.000

 VDWDIMMZ WITH
    VDLFL1Z            0.000      0.000    999.000    999.000

 VDWDDELZ WITH
    VDLFL1Z            0.000      0.000    999.000    999.000
    VDWDIMMZ           0.019      0.000    999.000    999.000

 VDEXF7Z  WITH
    VDLFL1Z            0.000      0.000    999.000    999.000
    VDWDIMMZ           0.000      0.000    999.000    999.000
    VDWDDELZ           0.000      0.000    999.000    999.000

 Intercepts
    VDLFL1Z            0.120      0.003     36.024      0.000
    VDWDIMMZ           0.358      0.010     36.583      0.000
    VDWDDELZ           0.223      0.009     23.708      0.000
    VDEXF7Z            0.469      0.014     33.329      0.000

 Thresholds
    VDORI$1           -2.533      0.221    -11.475      0.000
    VDORI$2           -1.669      0.153    -10.884      0.000
    VDORI$3           -0.821      0.122     -6.729      0.000
    VDORI$4            0.391      0.132      2.969      0.003
    VDLFL2$1          -6.134      0.520    -11.794      0.000
    VDLFL2$2          -1.720      0.229     -7.519      0.000
    VDLFL3$1          -2.226      0.267     -8.328      0.000
    VDLFL3$2           0.497      0.170      2.925      0.003
    VDSEVENS$1        -1.594      0.151    -10.544      0.000
    VDSEVENS$2        -0.442      0.110     -4.017      0.000
    VDSEVENS$3         0.208      0.130      1.602      0.109
    VDSEVENS$4         0.708      0.140      5.058      0.000
    VDSEVENS$5         1.425      0.151      9.437      0.000
    VDCOUNT$1         -2.062      0.186    -11.109      0.000
    NPG014$1           0.618      0.092      6.730      0.000
    NPG021$1           0.653      0.101      6.442      0.000
    NPG023$1           1.337      0.131     10.193      0.000
    NPG030$1           1.327      0.121     10.978      0.000
    NPG040$1           0.363      0.132      2.751      0.006
    NPG041$1           0.570      0.135      4.219      0.000
    NPG044$1           0.570      0.114      4.995      0.000
    NPG047$1           0.916      0.108      8.452      0.000
    NPG050$1           1.053      0.117      9.011      0.000
    NPG059$1           0.668      0.128      5.236      0.000
    PD102$1           -2.879      0.315     -9.148      0.000
    PD102$2            0.537      0.110      4.875      0.000

 Residual Variances
    VDLFL1Z            0.005      0.000     14.529      0.000
    VDWDIMMZ           0.023      0.000     70.108      0.000
    VDWDDELZ           0.032      0.001     63.361      0.000
    VDEXF7Z            0.023      0.001     21.294      0.000

Categorical Latent Variables

 Means
    CG#1               1.819      0.061     29.596      0.000
    CG#2               0.768      0.054     14.183      0.000


QUALITY OF NUMERICAL RESULTS

     Condition Number for the Information Matrix              0.120E-05
       (ratio of smallest to largest eigenvalue)


LATENT CLASS INDICATOR MEANS AND PROBABILITIES FOR EACH LATENT CLASS
EVALUATED AT THE COVARIATE SAMPLE MEANS

     MEAN/PROBABILITY PROFILES FOR CG
                       Latent class
                     1      2      3
     VDORI
       Category 1  0.001  0.009  0.072
       Category 2  0.003  0.010  0.084
       Category 3  0.014  0.035  0.145
       Category 4  0.145  0.237  0.290
       Category 5  0.837  0.710  0.408
     VDLFL2
       Category 1  0.000  0.001  0.002
       Category 2  0.012  0.044  0.154
       Category 3  0.987  0.955  0.843
     VDLFL3
       Category 1  0.007  0.017  0.101
       Category 2  0.239  0.411  0.529
       Category 3  0.754  0.572  0.370
     VDSEVENS
       Category 1  0.040  0.121  0.184
       Category 2  0.083  0.161  0.233
       Category 3  0.072  0.141  0.161
       Category 4  0.156  0.142  0.115
       Category 5  0.228  0.201  0.129
       Category 6  0.421  0.235  0.178
     VDCOUNT
       Category 1  0.038  0.073  0.127
       Category 2  0.962  0.927  0.873
     NPG014
       Category 1  0.906  0.809  0.650
       Category 2  0.094  0.191  0.350
     NPG021
       Category 1  0.940  0.855  0.658
       Category 2  0.060  0.145  0.342
     NPG023
       Category 1  0.979  0.923  0.792
       Category 2  0.021  0.077  0.208
     NPG030
       Category 1  0.949  0.882  0.790
       Category 2  0.051  0.118  0.210
     NPG040
       Category 1  0.890  0.741  0.590
       Category 2  0.110  0.259  0.410
     NPG041
       Category 1  0.959  0.874  0.639
       Category 2  0.041  0.126  0.361
     NPG044
       Category 1  0.941  0.825  0.639
       Category 2  0.059  0.175  0.361
     NPG047
       Category 1  0.978  0.892  0.714
       Category 2  0.022  0.108  0.286
     NPG050
       Category 1  0.978  0.917  0.741
       Category 2  0.022  0.083  0.259
     NPG059
       Category 1  0.969  0.876  0.661
       Category 2  0.031  0.124  0.339
     PD102
       Category 1  0.015  0.034  0.053
       Category 2  0.746  0.636  0.578
       Category 3  0.239  0.330  0.369
     VDLFL1Z       0.183  0.141  0.098
     VDWDIMMZ      0.540  0.434  0.318
     VDWDDELZ      0.444  0.302  0.169
     VDEXF7Z       0.633  0.526  0.416


RESULTS IN PROBABILITY SCALE

                    Estimate

Latent Class 1 (1)

 VDORI
    Category 1         0.001
    Category 2         0.004
    Category 3         0.019
    Category 4         0.166
    Category 5         0.811
 VDLFL2
    Category 1         0.004
    Category 2         0.038
    Category 3         0.958
 VDLFL3
    Category 1         0.013
    Category 2         0.256
    Category 3         0.731
 VDSEVENS
    Category 1         0.061
    Category 2         0.094
    Category 3         0.069
    Category 4         0.135
    Category 5         0.191
    Category 6         0.450
 VDCOUNT
    Category 1         0.053
    Category 2         0.947
 NPG014
    Category 1         0.906
    Category 2         0.094
 NPG021
    Category 1         0.940
    Category 2         0.060
 NPG023
    Category 1         0.979
    Category 2         0.021
 NPG030
    Category 1         0.949
    Category 2         0.051
 NPG040
    Category 1         0.890
    Category 2         0.110
 NPG041
    Category 1         0.959
    Category 2         0.041
 NPG044
    Category 1         0.941
    Category 2         0.059
 NPG047
    Category 1         0.978
    Category 2         0.022
 NPG050
    Category 1         0.978
    Category 2         0.022
 NPG059
    Category 1         0.969
    Category 2         0.031
 PD102
    Category 1         0.015
    Category 2         0.746
    Category 3         0.239

Latent Class 2 (2)

 VDORI
    Category 1         0.015
    Category 2         0.015
    Category 3         0.048
    Category 4         0.259
    Category 5         0.663
 VDLFL2
    Category 1         0.028
    Category 2         0.118
    Category 3         0.854
 VDLFL3
    Category 1         0.042
    Category 2         0.412
    Category 3         0.547
 VDSEVENS
    Category 1         0.179
    Category 2         0.151
    Category 3         0.116
    Category 4         0.113
    Category 5         0.170
    Category 6         0.271
 VDCOUNT
    Category 1         0.128
    Category 2         0.872
 NPG014
    Category 1         0.809
    Category 2         0.191
 NPG021
    Category 1         0.855
    Category 2         0.145
 NPG023
    Category 1         0.923
    Category 2         0.077
 NPG030
    Category 1         0.882
    Category 2         0.118
 NPG040
    Category 1         0.741
    Category 2         0.259
 NPG041
    Category 1         0.874
    Category 2         0.126
 NPG044
    Category 1         0.825
    Category 2         0.175
 NPG047
    Category 1         0.892
    Category 2         0.108
 NPG050
    Category 1         0.917
    Category 2         0.083
 NPG059
    Category 1         0.876
    Category 2         0.124
 PD102
    Category 1         0.034
    Category 2         0.636
    Category 3         0.330

Latent Class 3 (3)

 VDORI
    Category 1         0.128
    Category 2         0.113
    Category 3         0.160
    Category 4         0.257
    Category 5         0.341
 VDLFL2
    Category 1         0.042
    Category 2         0.255
    Category 3         0.703
 VDLFL3
    Category 1         0.167
    Category 2         0.442
    Category 3         0.392
 VDSEVENS
    Category 1         0.282
    Category 2         0.202
    Category 3         0.125
    Category 4         0.090
    Category 5         0.108
    Category 6         0.194
 VDCOUNT
    Category 1         0.212
    Category 2         0.788
 NPG014
    Category 1         0.650
    Category 2         0.350
 NPG021
    Category 1         0.658
    Category 2         0.342
 NPG023
    Category 1         0.792
    Category 2         0.208
 NPG030
    Category 1         0.790
    Category 2         0.210
 NPG040
    Category 1         0.590
    Category 2         0.410
 NPG041
    Category 1         0.639
    Category 2         0.361
 NPG044
    Category 1         0.639
    Category 2         0.361
 NPG047
    Category 1         0.714
    Category 2         0.286
 NPG050
    Category 1         0.741
    Category 2         0.259
 NPG059
    Category 1         0.661
    Category 2         0.339
 PD102
    Category 1         0.053
    Category 2         0.578
    Category 3         0.369


EQUALITY TESTS OF INTERCEPTS/THRESHOLDS ACROSS THE LATENT CLASSES

                    Chi-Square     P-Value   Degrees of Freedom


VDORI
  Overall test        634.515      0.000        8
  Class 1 vs. 2        69.300      0.000        4
  Class 1 vs. 3       570.477      0.000        4
  Class 2 vs. 3       117.437      0.000        4

VDLFL2
  Overall test        146.140      0.000        4
  Class 1 vs. 2        44.218      0.000        2
  Class 1 vs. 3       136.296      0.000        2
  Class 2 vs. 3        30.178      0.000        2

VDLFL3
  Overall test        274.528      0.000        4
  Class 1 vs. 2       109.029      0.000        2
  Class 1 vs. 3       149.951      0.000        2
  Class 2 vs. 3        45.898      0.000        2

VDSEVENS
  Overall test        463.216      0.000       10
  Class 1 vs. 2       170.513      0.000        5
  Class 1 vs. 3       222.350      0.000        5
  Class 2 vs. 3        17.709      0.003        5

VDCOUNT
  Overall test         50.881      0.000        2
  Class 1 vs. 2        21.597      0.000        1
  Class 1 vs. 3        41.775      0.000        1
  Class 2 vs. 3         7.616      0.006        1

NPG014
  Overall test        240.462      0.000        2
  Class 1 vs. 2        47.718      0.000        1
  Class 1 vs. 3       237.754      0.000        1
  Class 2 vs. 3        41.475      0.000        1

NPG021
  Overall test        225.788      0.000        2
  Class 1 vs. 2        38.506      0.000        1
  Class 1 vs. 3       224.464      0.000        1
  Class 2 vs. 3        54.010      0.000        1

NPG023
  Overall test        157.348      0.000        2
  Class 1 vs. 2        55.792      0.000        1
  Class 1 vs. 3       154.009      0.000        1
  Class 2 vs. 3        33.137      0.000        1

NPG030
  Overall test        162.984      0.000        2
  Class 1 vs. 2        37.821      0.000        1
  Class 1 vs. 3       138.041      0.000        1
  Class 2 vs. 3        12.609      0.000        1

NPG040
  Overall test        234.346      0.000        2
  Class 1 vs. 2       119.469      0.000        1
  Class 1 vs. 3       131.476      0.000        1
  Class 2 vs. 3        15.774      0.000        1

NPG041
  Overall test        238.478      0.000        2
  Class 1 vs. 2        69.389      0.000        1
  Class 1 vs. 3       233.338      0.000        1
  Class 2 vs. 3        61.908      0.000        1

NPG044
  Overall test        253.345      0.000        2
  Class 1 vs. 2        92.842      0.000        1
  Class 1 vs. 3       247.808      0.000        1
  Class 2 vs. 3        51.362      0.000        1

NPG047
  Overall test        220.073      0.000        2
  Class 1 vs. 2        99.039      0.000        1
  Class 1 vs. 3       219.412      0.000        1
  Class 2 vs. 3        73.194      0.000        1

NPG050
  Overall test        242.444      0.000        2
  Class 1 vs. 2        42.521      0.000        1
  Class 1 vs. 3       240.011      0.000        1
  Class 2 vs. 3        48.501      0.000        1

NPG059
  Overall test        259.875      0.000        2
  Class 1 vs. 2        75.710      0.000        1
  Class 1 vs. 3       259.445      0.000        1
  Class 2 vs. 3        66.008      0.000        1

PD102
  Overall test         56.110      0.000        4
  Class 1 vs. 2        35.819      0.000        2
  Class 1 vs. 3        34.852      0.000        2
  Class 2 vs. 3         2.927      0.231        2

VDLFL1Z
  Overall test        390.838      0.000        2
  Class 1 vs. 2        99.562      0.000        1
  Class 1 vs. 3       318.734      0.000        1
  Class 2 vs. 3        57.696      0.000        1

VDWDIMMZ
  Overall test        424.052      0.000        2
  Class 1 vs. 2       204.803      0.000        1
  Class 1 vs. 3       317.224      0.000        1
  Class 2 vs. 3        82.395      0.000        1

VDWDDELZ
  Overall test        593.842      0.000        2
  Class 1 vs. 2       202.721      0.000        1
  Class 1 vs. 3       477.379      0.000        1
  Class 2 vs. 3        72.574      0.000        1

VDEXF7Z
  Overall test        298.741      0.000        2
  Class 1 vs. 2       174.569      0.000        1
  Class 1 vs. 3       159.166      0.000        1
  Class 2 vs. 3        36.059      0.000        1


LATENT CLASS INDICATOR ODDS RATIOS FOR THE LATENT CLASSES

                                                95% C.I.
                    Estimate       S.E.  Lower 2.5% Upper 2.5%

Latent Class 1 Compared to Latent Class 2

 VDORI
    Category > 1      12.543      9.739      2.738     57.453
    Category > 2       5.310      2.328      2.249     12.539
    Category > 3       3.072      0.673      2.000      4.719
    Category > 4       2.097      0.226      1.697      2.592
 VDLFL2
    Category > 1       2.475      2.142      0.454     13.498
    Category > 2       3.676      0.722      2.501      5.402
 VDLFL3
    Category > 1       2.587      0.786      1.426      4.693
    Category > 2       2.296      0.184      1.962      2.688
 VDSEVENS
    Category > 1       3.323      0.509      2.460      4.487
    Category > 2       2.790      0.325      2.221      3.505
    Category > 3       3.013      0.274      2.521      3.600
    Category > 4       2.394      0.201      2.031      2.823
    Category > 5       2.374      0.233      1.959      2.877
 VDCOUNT
    Category > 1       2.032      0.310      1.507      2.740
 NPG014
    Category > 1       0.442      0.052      0.351      0.557
 NPG021
    Category > 1       0.375      0.059      0.275      0.511
 NPG023
    Category > 1       0.254      0.047      0.177      0.364
 NPG030
    Category > 1       0.398      0.060      0.297      0.534
 NPG040
    Category > 1       0.352      0.034      0.292      0.424
 NPG041
    Category > 1       0.293      0.043      0.219      0.391
 NPG044
    Category > 1       0.293      0.037      0.228      0.376
 NPG047
    Category > 1       0.187      0.031      0.134      0.260
 NPG050
    Category > 1       0.254      0.053      0.168      0.383
 NPG059
    Category > 1       0.227      0.039      0.162      0.317
 PD102
    Category > 1       2.348      0.486      1.564      3.524
    Category > 2       0.637      0.063      0.524      0.774

Latent Class 1 Compared to Latent Class 3

 VDORI
    Category > 1     111.172     70.028     32.345    382.106
    Category > 2      52.301     20.272     24.467    111.799
    Category > 3      23.604      3.692     17.372     32.071
    Category > 4       7.449      1.089      5.593      9.920
 VDLFL2
    Category > 1       5.262      3.216      1.588     17.435
    Category > 2      14.508      3.347      9.230     22.804
 VDLFL3
    Category > 1      16.885      4.503     10.011     28.479
    Category > 2       5.224      0.848      3.800      7.180
 VDSEVENS
    Category > 1       5.449      0.893      3.953      7.513
    Category > 2       5.089      0.649      3.963      6.534
    Category > 3       5.636      0.751      4.340      7.318
    Category > 4       4.175      0.554      3.219      5.415
    Category > 5       3.367      0.525      2.480      4.570
 VDCOUNT
    Category > 1       3.714      0.754      2.495      5.530
 NPG014
    Category > 1       0.193      0.021      0.157      0.238
 NPG021
    Category > 1       0.122      0.017      0.093      0.161
 NPG023
    Category > 1       0.081      0.016      0.054      0.120
 NPG030
    Category > 1       0.201      0.027      0.154      0.263
 NPG040
    Category > 1       0.177      0.027      0.132      0.238
 NPG041
    Category > 1       0.075      0.013      0.054      0.104
 NPG044
    Category > 1       0.110      0.015      0.084      0.145
 NPG047
    Category > 1       0.056      0.011      0.039      0.083
 NPG050
    Category > 1       0.066      0.012      0.047      0.093
 NPG059
    Category > 1       0.063      0.011      0.045      0.088
 PD102
    Category > 1       3.783      1.297      1.932      7.408
    Category > 2       0.538      0.063      0.427      0.677

Latent Class 2 Compared to Latent Class 3

 VDORI
    Category > 1       8.863      3.734      3.882     20.238
    Category > 2       9.849      2.956      5.470     17.737
    Category > 3       7.683      1.735      4.935     11.962
    Category > 4       3.551      0.535      2.643      4.772
 VDLFL2
    Category > 1       2.126      1.846      0.388     11.662
    Category > 2       3.947      1.002      2.400      6.490
 VDLFL3
    Category > 1       6.528      2.038      3.540     12.037
    Category > 2       2.275      0.418      1.587      3.262
 VDSEVENS
    Category > 1       1.640      0.312      1.129      2.382
    Category > 2       1.824      0.285      1.343      2.477
    Category > 3       1.871      0.318      1.341      2.610
    Category > 4       1.743      0.289      1.260      2.413
    Category > 5       1.418      0.245      1.010      1.990
 VDCOUNT
    Category > 1       1.828      0.400      1.191      2.806
 NPG014
    Category > 1       0.437      0.056      0.339      0.562
 NPG021
    Category > 1       0.325      0.050      0.241      0.439
 NPG023
    Category > 1       0.318      0.063      0.215      0.469
 NPG030
    Category > 1       0.505      0.097      0.346      0.736
 NPG040
    Category > 1       0.503      0.087      0.359      0.706
 NPG041
    Category > 1       0.256      0.044      0.182      0.359
 NPG044
    Category > 1       0.375      0.051      0.287      0.491
 NPG047
    Category > 1       0.302      0.042      0.230      0.397
 NPG050
    Category > 1       0.259      0.050      0.178      0.379
 NPG059
    Category > 1       0.277      0.044      0.203      0.377
 PD102
    Category > 1       1.611      0.591      0.785      3.306
    Category > 2       0.844      0.120      0.638      1.116


LOGISTIC REGRESSION ODDS RATIO RESULTS FOR OBSERVED VARIABLES

                                                95% C.I.
                    Estimate       S.E.  Lower 2.5% Upper 2.5%

Latent Class 1 (1)

 VDORI      ON
    X1                 0.927      0.000      0.927      0.927
    X2                 1.478      0.000      1.478      1.478
    X3                 0.193      0.000      0.193      0.193
    X4                 2.139      0.000      2.139      2.139
    X5                 0.970      0.000      0.970      0.970
    X6                 0.815      0.000      0.815      0.815
    X7                 1.158      0.000      1.158      1.158
    X1X4               1.007      0.000      1.007      1.007
    X1X5               1.148      0.000      1.148      1.148
    X1X6               1.085      0.000      1.085      1.085
    X1X7               0.990      0.000      0.990      0.990
    X2X4               0.761      0.000      0.761      0.761
    X2X5               0.344      0.000      0.344      0.344
    X2X6               0.345      0.000      0.345      0.345
    X2X7               1.030      0.000      1.030      1.030
    X3X4               3.102      0.000      3.102      3.102
    X3X5             145.745      0.000    145.745    145.745
    X3X6           11389.188      0.000  11389.188  11389.188
    X3X7               0.913      0.000      0.913      0.913
    X4X5               2.756      0.000      2.756      2.756
    X4X6               0.899      0.000      0.899      0.899
    X4X7               0.947      0.000      0.947      0.947
    X5X7               0.987      0.000      0.987      0.987
    X6X7               0.922      0.000      0.922      0.922

 VDLFL2     ON
    X1                 0.933      0.000      0.933      0.933
    X2                 0.580      0.000      0.580      0.580
    X3                28.334      0.000     28.334     28.334
    X4                 0.457      0.000      0.457      0.457
    X5                 0.264      0.000      0.264      0.264
    X6                 0.518      0.000      0.518      0.518
    X7                 1.228      0.000      1.228      1.228
    X1X4               0.904      0.000      0.904      0.904
    X1X5               1.362      0.000      1.362      1.362
    X1X6               1.628      0.000      1.628      1.628
    X1X7               1.032      0.000      1.032      1.032
    X2X4               5.549      0.000      5.549      5.549
    X2X5               0.119      0.000      0.119      0.119
    X2X6               0.032      0.000      0.032      0.032
    X2X7               0.798      0.000      0.798      0.798
    X3X4               0.001      0.000      0.001      0.001
    X3X5           32707.197      0.000  32707.197  32707.197
    X3X6           *********      0.000  *********  *********
    X3X7               3.653      0.000      3.653      3.653
    X4X5               0.513      0.000      0.513      0.513
    X4X6               2.753      0.000      2.753      2.753
    X4X7               0.982      0.000      0.982      0.982
    X5X7               1.371      0.000      1.371      1.371
    X6X7               1.135      0.000      1.135      1.135

 VDLFL3     ON
    X1                 0.923      0.000      0.923      0.923
    X2                 1.336      0.000      1.336      1.336
    X3                 0.241      0.000      0.241      0.241
    X4                 0.762      0.000      0.762      0.762
    X5                 0.398      0.000      0.398      0.398
    X6                 0.322      0.000      0.322      0.322
    X7                 1.067      0.000      1.067      1.067
    X1X4               1.150      0.000      1.150      1.150
    X1X5               1.057      0.000      1.057      1.057
    X1X6               0.979      0.000      0.979      0.979
    X1X7               1.000      0.000      1.000      1.000
    X2X4               0.445      0.000      0.445      0.445
    X2X5               0.899      0.000      0.899      0.899
    X2X6               1.593      0.000      1.593      1.593
    X2X7               1.026      0.000      1.026      1.026
    X3X4              63.850      0.000     63.850     63.850
    X3X5               1.215      0.000      1.215      1.215
    X3X6               0.053      0.000      0.053      0.053
    X3X7               0.831      0.000      0.831      0.831
    X4X5               1.032      0.000      1.032      1.032
    X4X6               1.396      0.000      1.396      1.396
    X4X7               1.116      0.000      1.116      1.116
    X5X7               1.226      0.000      1.226      1.226
    X6X7               1.103      0.000      1.103      1.103

 VDSEVENS   ON
    X1                 0.947      0.000      0.947      0.947
    X2                 0.993      0.000      0.993      0.993
    X3                 1.700      0.000      1.700      1.700
    X4                 0.507      0.000      0.507      0.507
    X5                 0.163      0.000      0.163      0.163
    X6                 0.631      0.000      0.631      0.631
    X7                 1.180      0.000      1.180      1.180
    X1X4               1.012      0.000      1.012      1.012
    X1X5               1.079      0.000      1.079      1.079
    X1X6               1.219      0.000      1.219      1.219
    X1X7               1.012      0.000      1.012      1.012
    X2X4               1.117      0.000      1.117      1.117
    X2X5               0.590      0.000      0.590      0.590
    X2X6               0.330      0.000      0.330      0.330
    X2X7               0.958      0.000      0.958      0.958
    X3X4               0.413      0.000      0.413      0.413
    X3X5               4.777      0.000      4.777      4.777
    X3X6             781.871      0.000    781.871    781.871
    X3X7               1.176      0.000      1.176      1.176
    X4X5               1.834      0.000      1.834      1.834
    X4X6               0.569      0.000      0.569      0.569
    X4X7               1.011      0.000      1.011      1.011
    X5X7               1.172      0.000      1.172      1.172
    X6X7               0.930      0.000      0.930      0.930

 VDCOUNT    ON
    X1                 0.943      0.000      0.943      0.943
    X2                 0.912      0.000      0.912      0.912
    X3                 1.529      0.000      1.529      1.529
    X4                 0.705      0.000      0.705      0.705
    X5                 0.410      0.000      0.410      0.410
    X6                 6.323      0.000      6.323      6.323
    X7                 1.248      0.000      1.248      1.248
    X1X4               1.238      0.000      1.238      1.238
    X1X5               0.856      0.000      0.856      0.856
    X1X6               1.056      0.000      1.056      1.056
    X1X7               1.012      0.000      1.012      1.012
    X2X4               0.397      0.000      0.397      0.397
    X2X5               3.119      0.000      3.119      3.119
    X2X6               1.325      0.000      1.325      1.325
    X2X7               0.989      0.000      0.989      0.989
    X3X4              39.134      0.000     39.134     39.134
    X3X5               0.005      0.000      0.005      0.005
    X3X6               0.020      0.000      0.020      0.020
    X3X7               0.832      0.000      0.832      0.832
    X4X5               0.959      0.000      0.959      0.959
    X4X6               0.116      0.000      0.116      0.116
    X4X7               0.888      0.000      0.888      0.888
    X5X7               0.997      0.000      0.997      0.997
    X6X7               1.086      0.000      1.086      1.086

Latent Class 2 (2)

 VDORI      ON
    X1                 0.927      0.000      0.927      0.927
    X2                 1.478      0.000      1.478      1.478
    X3                 0.193      0.000      0.193      0.193
    X4                 2.139      0.000      2.139      2.139
    X5                 0.970      0.000      0.970      0.970
    X6                 0.815      0.000      0.815      0.815
    X7                 1.158      0.000      1.158      1.158
    X1X4               1.007      0.000      1.007      1.007
    X1X5               1.148      0.000      1.148      1.148
    X1X6               1.085      0.000      1.085      1.085
    X1X7               0.990      0.000      0.990      0.990
    X2X4               0.761      0.000      0.761      0.761
    X2X5               0.344      0.000      0.344      0.344
    X2X6               0.345      0.000      0.345      0.345
    X2X7               1.030      0.000      1.030      1.030
    X3X4               3.102      0.000      3.102      3.102
    X3X5             145.745      0.000    145.745    145.745
    X3X6           11389.188      0.000  11389.188  11389.188
    X3X7               0.913      0.000      0.913      0.913
    X4X5               2.756      0.000      2.756      2.756
    X4X6               0.899      0.000      0.899      0.899
    X4X7               0.947      0.000      0.947      0.947
    X5X7               0.987      0.000      0.987      0.987
    X6X7               0.922      0.000      0.922      0.922

 VDLFL2     ON
    X1                 0.933      0.000      0.933      0.933
    X2                 0.580      0.000      0.580      0.580
    X3                28.334      0.000     28.334     28.334
    X4                 0.457      0.000      0.457      0.457
    X5                 0.264      0.000      0.264      0.264
    X6                 0.518      0.000      0.518      0.518
    X7                 1.228      0.000      1.228      1.228
    X1X4               0.904      0.000      0.904      0.904
    X1X5               1.362      0.000      1.362      1.362
    X1X6               1.628      0.000      1.628      1.628
    X1X7               1.032      0.000      1.032      1.032
    X2X4               5.549      0.000      5.549      5.549
    X2X5               0.119      0.000      0.119      0.119
    X2X6               0.032      0.000      0.032      0.032
    X2X7               0.798      0.000      0.798      0.798
    X3X4               0.001      0.000      0.001      0.001
    X3X5           32707.197      0.000  32707.197  32707.197
    X3X6           *********      0.000  *********  *********
    X3X7               3.653      0.000      3.653      3.653
    X4X5               0.513      0.000      0.513      0.513
    X4X6               2.753      0.000      2.753      2.753
    X4X7               0.982      0.000      0.982      0.982
    X5X7               1.371      0.000      1.371      1.371
    X6X7               1.135      0.000      1.135      1.135

 VDLFL3     ON
    X1                 0.923      0.000      0.923      0.923
    X2                 1.336      0.000      1.336      1.336
    X3                 0.241      0.000      0.241      0.241
    X4                 0.762      0.000      0.762      0.762
    X5                 0.398      0.000      0.398      0.398
    X6                 0.322      0.000      0.322      0.322
    X7                 1.067      0.000      1.067      1.067
    X1X4               1.150      0.000      1.150      1.150
    X1X5               1.057      0.000      1.057      1.057
    X1X6               0.979      0.000      0.979      0.979
    X1X7               1.000      0.000      1.000      1.000
    X2X4               0.445      0.000      0.445      0.445
    X2X5               0.899      0.000      0.899      0.899
    X2X6               1.593      0.000      1.593      1.593
    X2X7               1.026      0.000      1.026      1.026
    X3X4              63.850      0.000     63.850     63.850
    X3X5               1.215      0.000      1.215      1.215
    X3X6               0.053      0.000      0.053      0.053
    X3X7               0.831      0.000      0.831      0.831
    X4X5               1.032      0.000      1.032      1.032
    X4X6               1.396      0.000      1.396      1.396
    X4X7               1.116      0.000      1.116      1.116
    X5X7               1.226      0.000      1.226      1.226
    X6X7               1.103      0.000      1.103      1.103

 VDSEVENS   ON
    X1                 0.947      0.000      0.947      0.947
    X2                 0.993      0.000      0.993      0.993
    X3                 1.700      0.000      1.700      1.700
    X4                 0.507      0.000      0.507      0.507
    X5                 0.163      0.000      0.163      0.163
    X6                 0.631      0.000      0.631      0.631
    X7                 1.180      0.000      1.180      1.180
    X1X4               1.012      0.000      1.012      1.012
    X1X5               1.079      0.000      1.079      1.079
    X1X6               1.219      0.000      1.219      1.219
    X1X7               1.012      0.000      1.012      1.012
    X2X4               1.117      0.000      1.117      1.117
    X2X5               0.590      0.000      0.590      0.590
    X2X6               0.330      0.000      0.330      0.330
    X2X7               0.958      0.000      0.958      0.958
    X3X4               0.413      0.000      0.413      0.413
    X3X5               4.777      0.000      4.777      4.777
    X3X6             781.871      0.000    781.871    781.871
    X3X7               1.176      0.000      1.176      1.176
    X4X5               1.834      0.000      1.834      1.834
    X4X6               0.569      0.000      0.569      0.569
    X4X7               1.011      0.000      1.011      1.011
    X5X7               1.172      0.000      1.172      1.172
    X6X7               0.930      0.000      0.930      0.930

 VDCOUNT    ON
    X1                 0.943      0.000      0.943      0.943
    X2                 0.912      0.000      0.912      0.912
    X3                 1.529      0.000      1.529      1.529
    X4                 0.705      0.000      0.705      0.705
    X5                 0.410      0.000      0.410      0.410
    X6                 6.323      0.000      6.323      6.323
    X7                 1.248      0.000      1.248      1.248
    X1X4               1.238      0.000      1.238      1.238
    X1X5               0.856      0.000      0.856      0.856
    X1X6               1.056      0.000      1.056      1.056
    X1X7               1.012      0.000      1.012      1.012
    X2X4               0.397      0.000      0.397      0.397
    X2X5               3.119      0.000      3.119      3.119
    X2X6               1.325      0.000      1.325      1.325
    X2X7               0.989      0.000      0.989      0.989
    X3X4              39.134      0.000     39.134     39.134
    X3X5               0.005      0.000      0.005      0.005
    X3X6               0.020      0.000      0.020      0.020
    X3X7               0.832      0.000      0.832      0.832
    X4X5               0.959      0.000      0.959      0.959
    X4X6               0.116      0.000      0.116      0.116
    X4X7               0.888      0.000      0.888      0.888
    X5X7               0.997      0.000      0.997      0.997
    X6X7               1.086      0.000      1.086      1.086

Latent Class 3 (3)

 VDORI      ON
    X1                 0.927      0.000      0.927      0.927
    X2                 1.478      0.000      1.478      1.478
    X3                 0.193      0.000      0.193      0.193
    X4                 2.139      0.000      2.139      2.139
    X5                 0.970      0.000      0.970      0.970
    X6                 0.815      0.000      0.815      0.815
    X7                 1.158      0.000      1.158      1.158
    X1X4               1.007      0.000      1.007      1.007
    X1X5               1.148      0.000      1.148      1.148
    X1X6               1.085      0.000      1.085      1.085
    X1X7               0.990      0.000      0.990      0.990
    X2X4               0.761      0.000      0.761      0.761
    X2X5               0.344      0.000      0.344      0.344
    X2X6               0.345      0.000      0.345      0.345
    X2X7               1.030      0.000      1.030      1.030
    X3X4               3.102      0.000      3.102      3.102
    X3X5             145.745      0.000    145.745    145.745
    X3X6           11389.188      0.000  11389.188  11389.188
    X3X7               0.913      0.000      0.913      0.913
    X4X5               2.756      0.000      2.756      2.756
    X4X6               0.899      0.000      0.899      0.899
    X4X7               0.947      0.000      0.947      0.947
    X5X7               0.987      0.000      0.987      0.987
    X6X7               0.922      0.000      0.922      0.922

 VDLFL2     ON
    X1                 0.933      0.000      0.933      0.933
    X2                 0.580      0.000      0.580      0.580
    X3                28.334      0.000     28.334     28.334
    X4                 0.457      0.000      0.457      0.457
    X5                 0.264      0.000      0.264      0.264
    X6                 0.518      0.000      0.518      0.518
    X7                 1.228      0.000      1.228      1.228
    X1X4               0.904      0.000      0.904      0.904
    X1X5               1.362      0.000      1.362      1.362
    X1X6               1.628      0.000      1.628      1.628
    X1X7               1.032      0.000      1.032      1.032
    X2X4               5.549      0.000      5.549      5.549
    X2X5               0.119      0.000      0.119      0.119
    X2X6               0.032      0.000      0.032      0.032
    X2X7               0.798      0.000      0.798      0.798
    X3X4               0.001      0.000      0.001      0.001
    X3X5           32707.197      0.000  32707.197  32707.197
    X3X6           *********      0.000  *********  *********
    X3X7               3.653      0.000      3.653      3.653
    X4X5               0.513      0.000      0.513      0.513
    X4X6               2.753      0.000      2.753      2.753
    X4X7               0.982      0.000      0.982      0.982
    X5X7               1.371      0.000      1.371      1.371
    X6X7               1.135      0.000      1.135      1.135

 VDLFL3     ON
    X1                 0.923      0.000      0.923      0.923
    X2                 1.336      0.000      1.336      1.336
    X3                 0.241      0.000      0.241      0.241
    X4                 0.762      0.000      0.762      0.762
    X5                 0.398      0.000      0.398      0.398
    X6                 0.322      0.000      0.322      0.322
    X7                 1.067      0.000      1.067      1.067
    X1X4               1.150      0.000      1.150      1.150
    X1X5               1.057      0.000      1.057      1.057
    X1X6               0.979      0.000      0.979      0.979
    X1X7               1.000      0.000      1.000      1.000
    X2X4               0.445      0.000      0.445      0.445
    X2X5               0.899      0.000      0.899      0.899
    X2X6               1.593      0.000      1.593      1.593
    X2X7               1.026      0.000      1.026      1.026
    X3X4              63.850      0.000     63.850     63.850
    X3X5               1.215      0.000      1.215      1.215
    X3X6               0.053      0.000      0.053      0.053
    X3X7               0.831      0.000      0.831      0.831
    X4X5               1.032      0.000      1.032      1.032
    X4X6               1.396      0.000      1.396      1.396
    X4X7               1.116      0.000      1.116      1.116
    X5X7               1.226      0.000      1.226      1.226
    X6X7               1.103      0.000      1.103      1.103

 VDSEVENS   ON
    X1                 0.947      0.000      0.947      0.947
    X2                 0.993      0.000      0.993      0.993
    X3                 1.700      0.000      1.700      1.700
    X4                 0.507      0.000      0.507      0.507
    X5                 0.163      0.000      0.163      0.163
    X6                 0.631      0.000      0.631      0.631
    X7                 1.180      0.000      1.180      1.180
    X1X4               1.012      0.000      1.012      1.012
    X1X5               1.079      0.000      1.079      1.079
    X1X6               1.219      0.000      1.219      1.219
    X1X7               1.012      0.000      1.012      1.012
    X2X4               1.117      0.000      1.117      1.117
    X2X5               0.590      0.000      0.590      0.590
    X2X6               0.330      0.000      0.330      0.330
    X2X7               0.958      0.000      0.958      0.958
    X3X4               0.413      0.000      0.413      0.413
    X3X5               4.777      0.000      4.777      4.777
    X3X6             781.871      0.000    781.871    781.871
    X3X7               1.176      0.000      1.176      1.176
    X4X5               1.834      0.000      1.834      1.834
    X4X6               0.569      0.000      0.569      0.569
    X4X7               1.011      0.000      1.011      1.011
    X5X7               1.172      0.000      1.172      1.172
    X6X7               0.930      0.000      0.930      0.930

 VDCOUNT    ON
    X1                 0.943      0.000      0.943      0.943
    X2                 0.912      0.000      0.912      0.912
    X3                 1.529      0.000      1.529      1.529
    X4                 0.705      0.000      0.705      0.705
    X5                 0.410      0.000      0.410      0.410
    X6                 6.323      0.000      6.323      6.323
    X7                 1.248      0.000      1.248      1.248
    X1X4               1.238      0.000      1.238      1.238
    X1X5               0.856      0.000      0.856      0.856
    X1X6               1.056      0.000      1.056      1.056
    X1X7               1.012      0.000      1.012      1.012
    X2X4               0.397      0.000      0.397      0.397
    X2X5               3.119      0.000      3.119      3.119
    X2X6               1.325      0.000      1.325      1.325
    X2X7               0.989      0.000      0.989      0.989
    X3X4              39.134      0.000     39.134     39.134
    X3X5               0.005      0.000      0.005      0.005
    X3X6               0.020      0.000      0.020      0.020
    X3X7               0.832      0.000      0.832      0.832
    X4X5               0.959      0.000      0.959      0.959
    X4X6               0.116      0.000      0.116      0.116
    X4X7               0.888      0.000      0.888      0.888
    X5X7               0.997      0.000      0.997      0.997
    X6X7               1.086      0.000      1.086      1.086


BRANT WALD TEST FOR PROPORTIONAL ODDS

                                   Degrees of
                      Chi-Square     Freedom   P-Value

  VDLFL3
    Overall test          56.983        24      0.000
    X1                     5.272         1      0.022
    X2                     3.672         1      0.055
    X3                     2.700         1      0.100
    X4                     1.371         1      0.242
    X5                     1.086         1      0.297
    X6                     0.194         1      0.659
    X7                     1.695         1      0.193
    X1X4                   0.185         1      0.667
    X1X5                   2.291         1      0.130
    X1X6                   0.001         1      0.980
    X1X7                   0.988         1      0.320
    X2X4                   1.865         1      0.172
    X2X5                   0.536         1      0.464
    X2X6                   0.096         1      0.757
    X2X7                   1.555         1      0.212
    X3X4                   1.700         1      0.192
    X3X5                   0.131         1      0.718
    X3X6                   0.135         1      0.714
    X3X7                   1.234         1      0.267
    X4X5                   0.022         1      0.881
    X4X6                   0.229         1      0.632
    X4X7                   1.598         1      0.206
    X5X7                   5.973         1      0.015
    X6X7                   0.353         1      0.553

  PD102
    Overall test          31.519        24      0.139
    X1                     0.370         1      0.543
    X2                     0.051         1      0.822
    X3                     0.010         1      0.920
    X4                     3.385         1      0.066
    X5                     0.232         1      0.630
    X6                     0.275         1      0.600
    X7                     0.012         1      0.912
    X1X4                   0.392         1      0.531
    X1X5                   0.109         1      0.741
    X1X6                   0.390         1      0.532
    X1X7                   0.113         1      0.737
    X2X4                   0.005         1      0.943
    X2X5                   0.294         1      0.587
    X2X6                   1.230         1      0.267
    X2X7                   0.140         1      0.708
    X3X4                   0.072         1      0.788
    X3X5                   0.067         1      0.796
    X3X6                   0.558         1      0.455
    X3X7                   0.063         1      0.802
    X4X5                   0.001         1      0.978
    X4X6                   0.013         1      0.911
    X4X7                   0.169         1      0.681
    X5X7                   5.495         1      0.019
    X6X7                   1.061         1      0.303


STANDARDIZED MODEL RESULTS


STDYX Standardization

                                                    Two-Tailed
                    Estimate       S.E.  Est./S.E.    P-Value

Latent Class 1 (1)

 VDORI      ON
    X1                -0.247      0.003    -81.245      0.000
    X2                 0.676      0.008     80.359      0.000
    X3                -0.624      0.008    -80.230      0.000
    X4                 0.173      0.002     81.622      0.000
    X5                -0.005      0.000    -80.940      0.000
    X6                -0.028      0.000    -80.280      0.000
    X7                 0.195      0.002     80.797      0.000
    X1X4               0.021      0.000     80.787      0.000
    X1X5               0.177      0.002     80.230      0.000
    X1X6               0.081      0.001     81.547      0.000
    X1X7              -0.114      0.001    -80.741      0.000
    X2X4              -0.390      0.005    -80.647      0.000
    X2X5              -0.540      0.007    -80.385      0.000
    X2X6              -0.440      0.005    -90.750      0.000
    X2X7               0.157      0.002     81.482      0.000
    X3X4               0.349      0.004     80.556      0.000
    X3X5               0.504      0.006     80.668      0.000
    X3X6               0.833      0.009     96.947      0.000
    X3X7              -0.099      0.001    -82.288      0.000
    X4X5               0.143      0.002     82.291      0.000
    X4X6              -0.011      0.000    -80.253      0.000
    X4X7              -0.056      0.001    -80.900      0.000
    X5X7              -0.007      0.000    -80.709      0.000
    X6X7              -0.054      0.001    -80.233      0.000

 VDLFL1Z    ON
    X1                -0.531      0.015    -34.304      0.000
    X2                 0.746      0.022     34.185      0.000
    X3                -0.436      0.013    -34.142      0.000
    X4                 0.007      0.000     34.088      0.000
    X5                -0.129      0.004    -34.202      0.000
    X6                -0.126      0.004    -34.199      0.000
    X7                 0.333      0.010     34.906      0.000
    X1X4               0.248      0.007     34.174      0.000
    X1X5               0.041      0.001     34.167      0.000
    X1X6               0.070      0.002     34.209      0.000
    X1X7               0.215      0.006     34.246      0.000
    X2X4              -0.598      0.018    -34.134      0.000
    X2X5               0.023      0.001     34.150      0.000
    X2X6              -0.022      0.001    -34.248      0.000
    X2X7              -0.607      0.018    -34.216      0.000
    X3X4               0.404      0.012     34.111      0.000
    X3X5              -0.062      0.002    -34.120      0.000
    X3X6              -0.122      0.004    -34.233      0.000
    X3X7               0.435      0.013     34.185      0.000
    X4X5              -0.039      0.001    -34.165      0.000
    X4X6               0.064      0.002     34.121      0.000
    X4X7               0.078      0.002     34.588      0.000
    X5X7              -0.027      0.001    -34.138      0.000
    X6X7              -0.079      0.002    -34.230      0.000

 VDLFL2     ON
    X1                -0.177      0.002    -73.743      0.000
    X2                -0.739      0.010    -76.265      0.000
    X3                 0.994      0.013     77.255      0.000
    X4                -0.140      0.002    -72.865      0.000
    X5                -0.175      0.002    -76.668      0.000
    X6                -0.072      0.001    -73.784      0.000
    X7                 0.216      0.003     81.090      0.000
    X1X4              -0.220      0.003    -73.830      0.000
    X1X5               0.312      0.004     72.953      0.000
    X1X6               0.379      0.005     72.897      0.000
    X1X7               0.279      0.003     79.825      0.000
    X2X4               1.921      0.026     74.535      0.000
    X2X5              -0.846      0.012    -72.884      0.000
    X2X6              -1.118      0.015    -72.844      0.000
    X2X7              -0.952      0.011    -85.695      0.000
    X3X4              -1.701      0.023    -74.182      0.000
    X3X5               0.825      0.011     74.113      0.000
    X3X6               0.981      0.013     72.827      0.000
    X3X7               1.114      0.013     86.399      0.000
    X4X5              -0.074      0.001    -75.763      0.000
    X4X6               0.084      0.001     73.297      0.000
    X4X7              -0.015      0.000    -76.219      0.000
    X5X7               0.129      0.002     74.044      0.000
    X6X7               0.066      0.001     74.402      0.000

 VDLFL3     ON
    X1                -0.266      0.003    -80.954      0.000
    X2                 0.513      0.006     81.261      0.000
    X3                -0.552      0.007    -81.598      0.000
    X4                -0.063      0.001    -80.955      0.000
    X5                -0.158      0.002    -82.039      0.000
    X6                -0.162      0.002    -84.261      0.000
    X7                 0.088      0.001     88.841      0.000
    X1X4               0.397      0.005     82.121      0.000
    X1X5               0.073      0.001     81.022      0.000
    X1X6              -0.021      0.000    -82.451      0.000
    X1X7              -0.002      0.000    -82.128      0.000
    X2X4              -1.184      0.014    -84.376      0.000
    X2X5              -0.055      0.001    -81.011      0.000
    X2X6               0.197      0.002     83.255      0.000
    X2X7               0.140      0.002     81.199      0.000
    X3X4               1.313      0.015     86.119      0.000
    X3X5               0.020      0.000     80.921      0.000
    X3X6              -0.268      0.003    -82.943      0.000
    X3X7              -0.207      0.003    -80.925      0.000
    X4X5               0.005      0.000     81.590      0.000
    X4X6               0.036      0.000     82.998      0.000
    X4X7               0.115      0.001     86.578      0.000
    X5X7               0.109      0.001     82.850      0.000
    X6X7               0.067      0.001     84.983      0.000

 VDWDIMMZ   ON
    X1                -0.267      0.003    -76.850      0.000
    X2                 0.417      0.005     76.366      0.000
    X3                -0.508      0.007    -75.647      0.000
    X4                 0.161      0.002     75.573      0.000
    X5                -0.145      0.002    -74.814      0.000
    X6                -0.023      0.000    -74.502      0.000
    X7                 0.324      0.004     78.688      0.000
    X1X4               0.202      0.003     74.366      0.000
    X1X5               0.101      0.001     74.619      0.000
    X1X6              -0.051      0.001    -74.868      0.000
    X1X7              -0.024      0.000    -74.425      0.000
    X2X4              -0.744      0.010    -74.312      0.000
    X2X5              -0.185      0.002    -74.691      0.000
    X2X6               0.194      0.003     75.198      0.000
    X2X7              -0.132      0.002    -74.355      0.000
    X3X4               0.751      0.010     74.226      0.000
    X3X5               0.122      0.002     74.380      0.000
    X3X6              -0.209      0.003    -75.249      0.000
    X3X7               0.111      0.001     74.269      0.000
    X4X5               0.048      0.001     74.213      0.000
    X4X6              -0.034      0.000    -74.244      0.000
    X4X7               0.018      0.000     77.591      0.000
    X5X7              -0.031      0.000    -74.653      0.000
    X6X7              -0.106      0.001    -74.600      0.000

 VDWDDELZ   ON
    X1                -0.202      0.003    -74.970      0.000
    X2                 0.140      0.002     74.360      0.000
    X3                -0.272      0.004    -73.634      0.000
    X4                 0.149      0.002     74.021      0.000
    X5                -0.155      0.002    -74.121      0.000
    X6                 0.010      0.000     72.865      0.000
    X7                 0.301      0.004     76.422      0.000
    X1X4               0.230      0.003     72.793      0.000
    X1X5               0.068      0.001     73.442      0.000
    X1X6              -0.086      0.001    -73.268      0.000
    X1X7              -0.047      0.001    -72.786      0.000
    X2X4              -0.578      0.008    -72.793      0.000
    X2X5              -0.273      0.004    -73.133      0.000
    X2X6               0.027      0.000     72.841      0.000
    X2X7              -0.028      0.000    -72.707      0.000
    X3X4               0.561      0.008     72.732      0.000
    X3X5               0.258      0.004     72.736      0.000
    X3X6               0.046      0.001     72.733      0.000
    X3X7              -0.021      0.000    -72.788      0.000
    X4X5               0.018      0.000     73.036      0.000
    X4X6              -0.032      0.000    -72.755      0.000
    X4X7               0.032      0.000     75.814      0.000
    X5X7              -0.035      0.000    -73.022      0.000
    X6X7              -0.092      0.001    -73.056      0.000

 VDEXF7Z    ON
    X1                -0.114      0.002    -50.625      0.000
    X2                -0.204      0.004    -50.480      0.000
    X3                 0.288      0.006     50.443      0.000
    X4                -0.079      0.002    -50.640      0.000
    X5                -0.369      0.007    -51.856      0.000
    X6                -0.185      0.004    -51.477      0.000
    X7                 0.406      0.007     55.276      0.000
    X1X4              -0.068      0.001    -50.794      0.000
    X1X5              -0.001      0.000    -50.996      0.000
    X1X6               0.085      0.002     50.570      0.000
    X1X7               0.000      0.000    999.000    999.000
    X2X4               0.268      0.005     50.640      0.000
    X2X5              -0.024      0.000    -50.721      0.000
    X2X6              -0.254      0.005    -50.443      0.000
    X2X7              -0.037      0.001    -50.977      0.000
    X3X4              -0.307      0.006    -50.548      0.000
    X3X5               0.066      0.001     50.486      0.000
    X3X6               0.287      0.006     50.479      0.000
    X3X7               0.051      0.001     50.654      0.000
    X4X5               0.104      0.002     51.065      0.000
    X4X6              -0.001      0.000    -51.250      0.000
    X4X7              -0.029      0.001    -52.426      0.000
    X5X7               0.064      0.001     51.033      0.000
    X6X7              -0.047      0.001    -51.283      0.000

 VDSEVENS   ON
    X1                -0.177      0.002    -80.243      0.000
    X2                -0.012      0.000    -80.311      0.000
    X3                 0.201      0.002     80.483      0.000
    X4                -0.155      0.002    -82.449      0.000
    X5                -0.304      0.004    -85.816      0.000
    X6                -0.064      0.001    -80.926      0.000
    X7                 0.221      0.002     88.679      0.000
    X1X4               0.034      0.000     80.905      0.000
    X1X5               0.098      0.001     82.461      0.000
    X1X6               0.197      0.002     80.837      0.000
    X1X7               0.131      0.002     82.297      0.000
    X2X4               0.158      0.002     80.774      0.000
    X2X5              -0.267      0.003    -82.487      0.000
    X2X6              -0.458      0.005    -83.369      0.000
    X2X7              -0.228      0.003    -81.054      0.000
    X3X4              -0.273      0.003    -80.544      0.000
    X3X5               0.158      0.002     81.092      0.000
    X3X6               0.594      0.007     85.475      0.000
    X3X7               0.178      0.002     80.409      0.000
    X4X5               0.086      0.001     83.221      0.000
    X4X6              -0.059      0.001    -82.206      0.000
    X4X7               0.011      0.000     83.673      0.000
    X5X7               0.083      0.001     81.971      0.000
    X6X7              -0.049      0.001    -80.771      0.000

 VDCOUNT    ON
    X1                -0.190      0.002    -80.656      0.000
    X2                -0.159      0.002    -80.578      0.000
    X3                 0.161      0.002     80.338      0.000
    X4                -0.080      0.001    -81.322      0.000
    X5                -0.150      0.002    -82.486      0.000
    X6                 0.258      0.003     80.367      0.000
    X7                 0.297      0.004     84.481      0.000
    X1X4               0.594      0.007     80.375      0.000
    X1X5              -0.201      0.002    -81.313      0.000
    X1X6               0.054      0.001     80.597      0.000
    X1X7               0.136      0.002     80.859      0.000
    X2X4              -1.324      0.016    -80.550      0.000
    X2X5               0.578      0.007     81.552      0.000
    X2X6               0.117      0.001     82.040      0.000
    X2X7              -0.059      0.001    -80.343      0.000
    X3X4               1.135      0.014     81.233      0.000
    X3X5              -0.533      0.007    -81.279      0.000
    X3X6              -0.349      0.004    -82.505      0.000
    X3X7              -0.202      0.003    -80.615      0.000
    X4X5              -0.006      0.000    -81.869      0.000
    X4X6              -0.227      0.003    -81.222      0.000
    X4X7              -0.122      0.001    -81.099      0.000
    X5X7              -0.002      0.000    -80.590      0.000
    X6X7               0.055      0.001     82.237      0.000

 VDWDIMMZ WITH
    VDLFL1Z            0.000      0.000    999.000    999.000

 VDWDDELZ WITH
    VDLFL1Z            0.000      0.000    999.000    999.000
    VDWDIMMZ           0.684      0.007     92.044      0.000

 VDEXF7Z  WITH
    VDLFL1Z            0.000      0.000    999.000    999.000
    VDWDIMMZ           0.000      0.000    999.000    999.000
    VDWDDELZ           0.000      0.000    999.000    999.000

 Intercepts
    VDLFL1Z            2.390      0.064     37.633      0.000
    VDWDIMMZ           3.266      0.030    109.808      0.000
    VDWDDELZ           2.258      0.030     75.142      0.000
    VDEXF7Z            3.403      0.061     55.650      0.000

 Thresholds
    VDORI$1           -3.356      0.322    -10.423      0.000
    VDORI$2           -2.606      0.152    -17.182      0.000
    VDORI$3           -1.845      0.056    -32.706      0.000
    VDORI$4           -0.749      0.026    -28.773      0.000
    VDLFL2$1          -2.834      0.163    -17.439      0.000
    VDLFL2$2          -1.598      0.046    -34.881      0.000
    VDLFL3$1          -2.396      0.092    -26.089      0.000
    VDLFL3$2          -0.548      0.023    -23.587      0.000
    VDSEVENS$1        -1.525      0.043    -35.340      0.000
    VDSEVENS$2        -0.959      0.032    -30.380      0.000
    VDSEVENS$3        -0.705      0.026    -27.551      0.000
    VDSEVENS$4        -0.334      0.023    -14.669      0.000
    VDSEVENS$5         0.098      0.022      4.434      0.000
    VDCOUNT$1         -1.568      0.050    -31.364      0.000
    NPG014$1           1.247      0.035     36.000      0.000
    NPG021$1           1.520      0.053     28.617      0.000
    NPG023$1           2.125      0.086     24.716      0.000
    NPG030$1           1.616      0.047     34.464      0.000
    NPG040$1           1.155      0.036     31.940      0.000
    NPG041$1           1.744      0.057     30.425      0.000
    NPG044$1           1.531      0.048     31.954      0.000
    NPG047$1           2.090      0.080     26.238      0.000
    NPG050$1           2.080      0.076     27.510      0.000
    NPG059$1           1.894      0.060     31.786      0.000
    PD102$1           -2.321      0.093    -24.833      0.000
    PD102$2            0.638      0.026     24.929      0.000

 Residual Variances
    VDLFL1Z            0.774      0.013     60.846      0.000
    VDWDIMMZ           0.816      0.004    195.370      0.000
    VDWDDELZ           0.813      0.004    186.656      0.000
    VDEXF7Z            0.649      0.012     54.106      0.000

Latent Class 2 (2)

 VDORI      ON
    X1                -0.183      0.003    -68.968      0.000
    X2                 0.637      0.009     70.153      0.000
    X3                -0.639      0.009    -70.586      0.000
    X4                 0.113      0.002     69.945      0.000
    X5                -0.003      0.000    -68.698      0.000
    X6                -0.021      0.000    -70.852      0.000
    X7                 0.161      0.002     69.190      0.000
    X1X4               0.016      0.000     70.287      0.000
    X1X5               0.149      0.002     68.675      0.000
    X1X6               0.090      0.001     90.285      0.000
    X1X7              -0.124      0.002    -74.266      0.000
    X2X4              -0.393      0.005    -72.347      0.000
    X2X5              -0.539      0.008    -68.827      0.000
    X2X6              -0.743      0.005   -136.425      0.000
    X2X7               0.224      0.003     80.758      0.000
    X3X4               0.377      0.005     73.097      0.000
    X3X5               0.521      0.008     69.067      0.000
    X3X6               1.484      0.009    165.938      0.000
    X3X7              -0.156      0.002    -83.651      0.000
    X4X5               0.096      0.001     69.026      0.000
    X4X6              -0.009      0.000    -72.703      0.000
    X4X7              -0.045      0.001    -69.794      0.000
    X5X7              -0.005      0.000    -68.724      0.000
    X6X7              -0.056      0.001    -70.842      0.000

 VDLFL1Z    ON
    X1                -0.547      0.014    -39.544      0.000
    X2                 0.977      0.025     39.379      0.000
    X3                -0.620      0.016    -39.306      0.000
    X4                 0.007      0.000     39.090      0.000
    X5                -0.120      0.003    -39.218      0.000
    X6                -0.126      0.003    -39.641      0.000
    X7                 0.382      0.009     40.877      0.000
    X1X4               0.274      0.007     39.465      0.000
    X1X5               0.047      0.001     39.253      0.000
    X1X6               0.109      0.003     40.180      0.000
    X1X7               0.326      0.008     40.284      0.000
    X2X4              -0.838      0.021    -39.453      0.000
    X2X5               0.032      0.001     39.206      0.000
    X2X6              -0.051      0.001    -40.429      0.000
    X2X7              -1.203      0.030    -40.258      0.000
    X3X4               0.607      0.015     39.416      0.000
    X3X5              -0.089      0.002    -39.162      0.000
    X3X6              -0.301      0.007    -40.424      0.000
    X3X7               0.948      0.024     40.170      0.000
    X4X5              -0.036      0.001    -39.209      0.000
    X4X6               0.070      0.002     39.528      0.000
    X4X7               0.088      0.002     40.420      0.000
    X5X7              -0.027      0.001    -39.200      0.000
    X6X7              -0.113      0.003    -39.825      0.000

 VDLFL2     ON
    X1                -0.135      0.002    -66.206      0.000
    X2                -0.718      0.010    -68.828      0.000
    X3                 1.049      0.015     70.102      0.000
    X4                -0.094      0.001    -65.353      0.000
    X5                -0.121      0.002    -66.576      0.000
    X6                -0.054      0.001    -67.384      0.000
    X7                 0.183      0.002     75.577      0.000
    X1X4              -0.180      0.003    -66.242      0.000
    X1X5               0.271      0.004     65.399      0.000
    X1X6               0.435      0.006     67.333      0.000
    X1X7               0.313      0.004     83.859      0.000
    X2X4               1.997      0.030     66.618      0.000
    X2X5              -0.869      0.013    -65.522      0.000
    X2X6              -1.945      0.029    -67.167      0.000
    X2X7              -1.401      0.015    -95.757      0.000
    X3X4              -1.894      0.029    -66.404      0.000
    X3X5               0.879      0.013     66.395      0.000
    X3X6               1.801      0.027     66.582      0.000
    X3X7               1.802      0.019     97.161      0.000
    X4X5              -0.051      0.001    -65.817      0.000
    X4X6               0.068      0.001     65.974      0.000
    X4X7              -0.012      0.000    -69.716      0.000
    X5X7               0.094      0.001     66.650      0.000
    X6X7               0.070      0.001     68.655      0.000

 VDLFL3     ON
    X1                -0.273      0.003    -78.271      0.000
    X2                 0.670      0.008     78.919      0.000
    X3                -0.783      0.010    -79.193      0.000
    X4                -0.058      0.001    -78.214      0.000
    X5                -0.147      0.002    -78.788      0.000
    X6                -0.162      0.002    -83.296      0.000
    X7                 0.101      0.001     87.265      0.000
    X1X4               0.437      0.005     80.579      0.000
    X1X5               0.085      0.001     78.119      0.000
    X1X6              -0.033      0.000    -79.612      0.000
    X1X7              -0.003      0.000    -79.750      0.000
    X2X4              -1.656      0.020    -83.857      0.000
    X2X5              -0.076      0.001    -78.057      0.000
    X2X6               0.461      0.006     78.912      0.000
    X2X7               0.278      0.004     78.187      0.000
    X3X4               1.965      0.023     85.449      0.000
    X3X5               0.029      0.000     78.433      0.000
    X3X6              -0.662      0.008    -78.554      0.000
    X3X7              -0.451      0.006    -78.013      0.000
    X4X5               0.004      0.000     78.446      0.000
    X4X6               0.039      0.000     81.454      0.000
    X4X7               0.131      0.002     85.760      0.000
    X5X7               0.107      0.001     80.360      0.000
    X6X7               0.095      0.001     85.340      0.000

 VDWDIMMZ   ON
    X1                -0.293      0.004    -78.028      0.000
    X2                 0.583      0.008     77.566      0.000
    X3                -0.771      0.010    -76.854      0.000
    X4                 0.156      0.002     75.592      0.000
    X5                -0.145      0.002    -74.857      0.000
    X6                -0.025      0.000    -75.158      0.000
    X7                 0.397      0.005     79.389      0.000
    X1X4               0.238      0.003     74.765      0.000
    X1X5               0.126      0.002     74.882      0.000
    X1X6              -0.084      0.001    -76.089      0.000
    X1X7              -0.038      0.001    -76.103      0.000
    X2X4              -1.113      0.015    -74.787      0.000
    X2X5              -0.273      0.004    -74.675      0.000
    X2X6               0.485      0.006     76.535      0.000
    X2X7              -0.280      0.004    -75.586      0.000
    X3X4               1.203      0.016     74.684      0.000
    X3X5               0.186      0.003     74.432      0.000
    X3X6              -0.551      0.007    -76.598      0.000
    X3X7               0.257      0.003     75.211      0.000
    X4X5               0.048      0.001     74.399      0.000
    X4X6              -0.039      0.001    -74.982      0.000
    X4X7               0.022      0.000     78.294      0.000
    X5X7              -0.032      0.000    -74.954      0.000
    X6X7              -0.161      0.002    -75.491      0.000

 VDWDDELZ   ON
    X1                -0.221      0.003    -75.097      0.000
    X2                 0.195      0.003     74.085      0.000
    X3                -0.410      0.006    -73.588      0.000
    X4                 0.144      0.002     74.873      0.000
    X5                -0.153      0.002    -74.449      0.000
    X6                 0.010      0.000     73.114      0.000
    X7                 0.366      0.005     75.462      0.000
    X1X4               0.270      0.004     73.073      0.000
    X1X5               0.084      0.001     74.031      0.000
    X1X6              -0.141      0.002    -73.070      0.000
    X1X7              -0.075      0.001    -73.080      0.000
    X2X4              -0.860      0.012    -73.151      0.000
    X2X5              -0.401      0.005    -73.244      0.000
    X2X6               0.068      0.001     73.415      0.000
    X2X7              -0.059      0.001    -73.448      0.000
    X3X4               0.893      0.012     73.254      0.000
    X3X5               0.393      0.005     73.084      0.000
    X3X6               0.121      0.002     73.663      0.000
    X3X7              -0.048      0.001    -73.987      0.000
    X4X5               0.018      0.000     73.372      0.000
    X4X6              -0.037      0.001    -73.068      0.000
    X4X7               0.038      0.001     74.725      0.000
    X5X7              -0.036      0.000    -73.686      0.000
    X6X7              -0.140      0.002    -73.253      0.000

 VDEXF7Z    ON
    X1                -0.121      0.002    -53.305      0.000
    X2                -0.277      0.005    -53.216      0.000
    X3                 0.424      0.008     53.256      0.000
    X4                -0.074      0.001    -53.384      0.000
    X5                -0.356      0.006    -55.101      0.000
    X6                -0.191      0.003    -54.855      0.000
    X7                 0.482      0.008     60.324      0.000
    X1X4              -0.077      0.001    -53.455      0.000
    X1X5              -0.002      0.000    -54.388      0.000
    X1X6               0.137      0.003     53.408      0.000
    X1X7               0.000      0.000    999.000    999.000
    X2X4               0.388      0.007     53.260      0.000
    X2X5              -0.034      0.001    -53.623      0.000
    X2X6              -0.616      0.012    -53.217      0.000
    X2X7              -0.076      0.001    -54.276      0.000
    X3X4              -0.477      0.009    -53.224      0.000
    X3X5               0.098      0.002     53.284      0.000
    X3X6               0.735      0.014     53.235      0.000
    X3X7               0.116      0.002     53.744      0.000
    X4X5               0.099      0.002     54.082      0.000
    X4X6              -0.001      0.000    -54.050      0.000
    X4X7              -0.034      0.001    -56.140      0.000
    X5X7               0.065      0.001     54.627      0.000
    X6X7              -0.070      0.001    -55.014      0.000

 VDSEVENS   ON
    X1                -0.173      0.002    -76.201      0.000
    X2                -0.015      0.000    -77.965      0.000
    X3                 0.271      0.003     78.841      0.000
    X4                -0.134      0.002    -76.390      0.000
    X5                -0.268      0.003    -81.835      0.000
    X6                -0.061      0.001    -75.725      0.000
    X7                 0.241      0.003     79.178      0.000
    X1X4               0.036      0.000     75.730      0.000
    X1X5               0.108      0.001     80.305      0.000
    X1X6               0.289      0.004     82.342      0.000
    X1X7               0.189      0.002     75.841      0.000
    X2X4               0.211      0.003     76.503      0.000
    X2X5              -0.351      0.004    -78.821      0.000
    X2X6              -1.020      0.011    -91.030      0.000
    X2X7              -0.429      0.006    -75.901      0.000
    X3X4              -0.389      0.005    -77.031      0.000
    X3X5               0.216      0.003     77.056      0.000
    X3X6               1.395      0.015     94.671      0.000
    X3X7               0.368      0.005     76.402      0.000
    X4X5               0.075      0.001     79.117      0.000
    X4X6              -0.062      0.001    -75.777      0.000
    X4X7               0.012      0.000     76.637      0.000
    X5X7               0.077      0.001     78.666      0.000
    X6X7              -0.066      0.001    -75.694      0.000

 VDCOUNT    ON
    X1                -0.201      0.003    -78.983      0.000
    X2                -0.214      0.003    -78.775      0.000
    X3                 0.235      0.003     78.469      0.000
    X4                -0.074      0.001    -78.650      0.000
    X5                -0.143      0.002    -79.644      0.000
    X6                 0.266      0.003     79.455      0.000
    X7                 0.349      0.004     82.882      0.000
    X1X4               0.673      0.009     78.290      0.000
    X1X5              -0.242      0.003    -79.839      0.000
    X1X6               0.086      0.001     81.650      0.000
    X1X7               0.211      0.003     79.247      0.000
    X2X4              -1.903      0.024    -78.260      0.000
    X2X5               0.821      0.010     79.620      0.000
    X2X6               0.281      0.003     83.184      0.000
    X2X7              -0.119      0.002    -78.307      0.000
    X3X4               1.747      0.022     78.371      0.000
    X3X5              -0.786      0.010    -79.259      0.000
    X3X6              -0.886      0.011    -83.113      0.000
    X3X7              -0.451      0.006    -78.283      0.000
    X4X5              -0.006      0.000    -79.480      0.000
    X4X6              -0.255      0.003    -81.156      0.000
    X4X7              -0.142      0.002    -80.903      0.000
    X5X7              -0.002      0.000    -79.080      0.000
    X6X7               0.081      0.001     81.727      0.000

 VDWDIMMZ WITH
    VDLFL1Z            0.000      0.000    999.000    999.000

 VDWDDELZ WITH
    VDLFL1Z            0.000      0.000    999.000    999.000
    VDWDIMMZ           0.684      0.007     92.044      0.000

 VDEXF7Z  WITH
    VDLFL1Z            0.000      0.000    999.000    999.000
    VDWDIMMZ           0.000      0.000    999.000    999.000
    VDWDDELZ           0.000      0.000    999.000    999.000

 Intercepts
    VDLFL1Z            1.818      0.052     35.263      0.000
    VDWDIMMZ           2.667      0.041     64.587      0.000
    VDWDDELZ           1.593      0.038     41.448      0.000
    VDEXF7Z            2.791      0.061     46.096      0.000

 Thresholds
    VDORI$1           -1.435      0.105    -13.682      0.000
    VDORI$2           -1.204      0.086    -14.084      0.000
    VDORI$3           -0.871      0.057    -15.389      0.000
    VDORI$4           -0.267      0.026    -10.244      0.000
    VDLFL2$1          -1.697      0.186     -9.100      0.000
    VDLFL2$2          -0.762      0.038    -19.820      0.000
    VDLFL3$1          -1.772      0.114    -15.480      0.000
    VDLFL3$2          -0.140      0.035     -4.007      0.000
    VDSEVENS$1        -0.839      0.046    -18.357      0.000
    VDSEVENS$2        -0.419      0.040    -10.386      0.000
    VDSEVENS$3        -0.168      0.033     -5.092      0.000
    VDSEVENS$4         0.061      0.030      2.029      0.042
    VDSEVENS$5         0.432      0.036     12.033      0.000
    VDCOUNT$1         -1.160      0.061    -19.024      0.000
    NPG014$1           0.798      0.047     16.893      0.000
    NPG021$1           0.979      0.061     16.105      0.000
    NPG023$1           1.369      0.074     18.393      0.000
    NPG030$1           1.108      0.072     15.453      0.000
    NPG040$1           0.579      0.044     13.253      0.000
    NPG041$1           1.066      0.061     17.559      0.000
    NPG044$1           0.855      0.053     15.991      0.000
    NPG047$1           1.165      0.070     16.725      0.000
    NPG050$1           1.324      0.088     15.102      0.000
    NPG059$1           1.076      0.063     16.952      0.000
    PD102$1           -1.850      0.073    -25.391      0.000
    PD102$2            0.390      0.047      8.247      0.000

 Residual Variances
    VDLFL1Z            0.646      0.017     38.736      0.000
    VDWDIMMZ           0.774      0.005    159.226      0.000
    VDWDDELZ           0.763      0.005    147.333      0.000
    VDEXF7Z            0.579      0.013     45.057      0.000

Latent Class 3 (3)

 VDORI      ON
    X1                -0.245      0.003    -76.620      0.000
    X2                 1.123      0.015     76.470      0.000
    X3                -1.237      0.016    -76.450      0.000
    X4                 0.151      0.002     77.527      0.000
    X5                -0.005      0.000    -78.252      0.000
    X6                -0.028      0.000    -76.469      0.000
    X7                 0.226      0.003     76.612      0.000
    X1X4               0.026      0.000     76.738      0.000
    X1X5               0.274      0.003     80.576      0.000
    X1X6               0.120      0.002     77.261      0.000
    X1X7              -0.201      0.003    -76.492      0.000
    X2X4              -0.742      0.010    -76.852      0.000
    X2X5              -1.397      0.016    -87.242      0.000
    X2X6              -0.613      0.008    -81.059      0.000
    X2X7               0.368      0.005     76.902      0.000
    X3X4               0.778      0.010     76.874      0.000
    X3X5               1.595      0.018     90.356      0.000
    X3X6               0.872      0.010     86.120      0.000
    X3X7              -0.258      0.003    -77.273      0.000
    X4X5               0.133      0.002     79.888      0.000
    X4X6              -0.013      0.000    -76.714      0.000
    X4X7              -0.064      0.001    -76.471      0.000
    X5X7              -0.007      0.000    -76.475      0.000
    X6X7              -0.073      0.001    -76.448      0.000

 VDLFL1Z    ON
    X1                -0.573      0.016    -36.033      0.000
    X2                 1.351      0.038     35.982      0.000
    X3                -0.941      0.026    -35.972      0.000
    X4                 0.007      0.000     35.913      0.000
    X5                -0.129      0.004    -36.050      0.000
    X6                -0.135      0.004    -36.012      0.000
    X7                 0.420      0.011     36.957      0.000
    X1X4               0.337      0.009     35.981      0.000
    X1X5               0.068      0.002     36.218      0.000
    X1X6               0.113      0.003     36.035      0.000
    X1X7               0.415      0.011     36.761      0.000
    X2X4              -1.240      0.034    -35.967      0.000
    X2X5               0.065      0.002     36.268      0.000
    X2X6              -0.033      0.001    -36.053      0.000
    X2X7              -1.546      0.042    -36.693      0.000
    X3X4               0.981      0.027     35.957      0.000
    X3X5              -0.214      0.006    -36.241      0.000
    X3X6              -0.139      0.004    -36.040      0.000
    X3X7               1.234      0.034     36.597      0.000
    X4X5              -0.039      0.001    -36.056      0.000
    X4X6               0.080      0.002     35.981      0.000
    X4X7               0.097      0.003     36.642      0.000
    X5X7              -0.031      0.001    -36.115      0.000
    X6X7              -0.116      0.003    -36.068      0.000

 VDLFL2     ON
    X1                -0.115      0.002    -64.878      0.000
    X2                -0.810      0.012    -65.798      0.000
    X3                 1.300      0.020     65.722      0.000
    X4                -0.081      0.001    -63.976      0.000
    X5                -0.106      0.002    -63.936      0.000
    X6                -0.047      0.001    -64.977      0.000
    X7                 0.164      0.002     74.507      0.000
    X1X4              -0.181      0.003    -65.333      0.000
    X1X5               0.318      0.005     63.826      0.000
    X1X6               0.369      0.006     64.750      0.000
    X1X7               0.324      0.004     83.960      0.000
    X2X4               2.411      0.037     65.726      0.000
    X2X5              -1.442      0.022    -65.393      0.000
    X2X6              -1.026      0.016    -64.433      0.000
    X2X7              -1.469      0.016    -93.504      0.000
    X3X4              -2.498      0.038    -65.421      0.000
    X3X5               1.722      0.026     66.427      0.000
    X3X6               0.677      0.011     63.897      0.000
    X3X7               1.914      0.021     90.942      0.000
    X4X5              -0.045      0.001    -63.693      0.000
    X4X6               0.064      0.001     64.150      0.000
    X4X7              -0.011      0.000    -69.502      0.000
    X5X7               0.090      0.001     65.190      0.000
    X6X7               0.059      0.001     65.114      0.000

 VDLFL3     ON
    X1                -0.228      0.003    -77.652      0.000
    X2                 0.737      0.009     85.763      0.000
    X3                -0.946      0.011    -88.996      0.000
    X4                -0.048      0.001    -73.893      0.000
    X5                -0.125      0.002    -73.120      0.000
    X6                -0.138      0.002    -76.543      0.000
    X7                 0.088      0.001     76.048      0.000
    X1X4               0.427      0.005     84.293      0.000
    X1X5               0.097      0.001     72.905      0.000
    X1X6              -0.027      0.000    -74.725      0.000
    X1X7              -0.003      0.000    -73.226      0.000
    X2X4              -1.950      0.019   -104.043      0.000
    X2X5              -0.123      0.002    -74.508      0.000
    X2X6               0.237      0.003     73.878      0.000
    X2X7               0.284      0.004     72.993      0.000
    X3X4               2.527      0.022    112.951      0.000
    X3X5               0.055      0.001     75.919      0.000
    X3X6              -0.242      0.003    -73.212      0.000
    X3X7              -0.467      0.006    -73.694      0.000
    X4X5               0.004      0.000     72.900      0.000
    X4X6               0.036      0.000     75.697      0.000
    X4X7               0.114      0.002     76.144      0.000
    X5X7               0.100      0.001     73.843      0.000
    X6X7               0.077      0.001     77.374      0.000

 VDWDIMMZ   ON
    X1                -0.291      0.004    -75.783      0.000
    X2                 0.762      0.010     75.244      0.000
    X3                -1.107      0.015    -74.921      0.000
    X4                 0.155      0.002     75.956      0.000
    X5                -0.147      0.002    -74.716      0.000
    X6                -0.025      0.000    -74.398      0.000
    X7                 0.412      0.005     77.368      0.000
    X1X4               0.276      0.004     74.703      0.000
    X1X5               0.172      0.002     74.772      0.000
    X1X6              -0.083      0.001    -74.428      0.000
    X1X7              -0.046      0.001    -76.307      0.000
    X2X4              -1.556      0.021    -74.727      0.000
    X2X5              -0.525      0.007    -74.442      0.000
    X2X6               0.297      0.004     74.482      0.000
    X2X7              -0.340      0.004    -76.051      0.000
    X3X4               1.838      0.025     74.782      0.000
    X3X5               0.423      0.006     74.364      0.000
    X3X6              -0.240      0.003    -74.537      0.000
    X3X7               0.317      0.004     75.747      0.000
    X4X5               0.049      0.001     74.372      0.000
    X4X6              -0.043      0.001    -74.390      0.000
    X4X7               0.023      0.000     76.038      0.000
    X5X7              -0.036      0.000    -75.150      0.000
    X6X7              -0.156      0.002    -74.450      0.000

 VDWDDELZ   ON
    X1                -0.214      0.003    -73.838      0.000
    X2                 0.249      0.003     73.253      0.000
    X3                -0.575      0.008    -73.204      0.000
    X4                 0.139      0.002     75.154      0.000
    X5                -0.152      0.002    -73.632      0.000
    X6                 0.010      0.000     73.475      0.000
    X7                 0.371      0.005     74.962      0.000
    X1X4               0.306      0.004     74.112      0.000
    X1X5               0.112      0.002     73.211      0.000
    X1X6              -0.136      0.002    -73.607      0.000
    X1X7              -0.089      0.001    -73.518      0.000
    X2X4              -1.175      0.016    -74.537      0.000
    X2X5              -0.753      0.010    -74.223      0.000
    X2X6               0.041      0.001     73.330      0.000
    X2X7              -0.070      0.001    -73.217      0.000
    X3X4               1.333      0.018     74.781      0.000
    X3X5               0.872      0.012     75.645      0.000
    X3X6               0.051      0.001     73.202      0.000
    X3X7              -0.058      0.001    -73.441      0.000
    X4X5               0.018      0.000     73.214      0.000
    X4X6              -0.039      0.001    -73.306      0.000
    X4X7               0.039      0.001     74.279      0.000
    X5X7              -0.039      0.001    -73.387      0.000
    X6X7              -0.132      0.002    -73.519      0.000

 VDEXF7Z    ON
    X1                -0.119      0.002    -53.471      0.000
    X2                -0.359      0.007    -53.437      0.000
    X3                 0.605      0.011     53.441      0.000
    X4                -0.073      0.001    -53.853      0.000
    X5                -0.359      0.007    -54.638      0.000
    X6                -0.192      0.003    -55.533      0.000
    X7                 0.497      0.008     61.633      0.000
    X1X4              -0.089      0.002    -53.741      0.000
    X1X5              -0.002      0.000    -54.263      0.000
    X1X6               0.133      0.002     54.649      0.000
    X1X7               0.000      0.000    999.000    999.000
    X2X4               0.540      0.010     53.551      0.000
    X2X5              -0.065      0.001    -53.622      0.000
    X2X6              -0.374      0.007    -53.984      0.000
    X2X7              -0.092      0.002    -56.222      0.000
    X3X4              -0.724      0.014    -53.506      0.000
    X3X5               0.222      0.004     53.465      0.000
    X3X6               0.318      0.006     53.524      0.000
    X3X7               0.142      0.003     54.957      0.000
    X4X5               0.102      0.002     54.016      0.000
    X4X6              -0.001      0.000    -54.833      0.000
    X4X7              -0.035      0.001    -57.351      0.000
    X5X7               0.071      0.001     54.830      0.000
    X6X7              -0.067      0.001    -55.634      0.000

 VDSEVENS   ON
    X1                -0.184      0.002    -78.082      0.000
    X2                -0.021      0.000    -78.038      0.000
    X3                 0.419      0.005     78.041      0.000
    X4                -0.142      0.002    -80.276      0.000
    X5                -0.293      0.003    -86.339      0.000
    X6                -0.066      0.001    -78.766      0.000
    X7                 0.269      0.003     91.978      0.000
    X1X4               0.045      0.001     79.486      0.000
    X1X5               0.159      0.002     88.042      0.000
    X1X6               0.305      0.004     78.048      0.000
    X1X7               0.244      0.003     89.921      0.000
    X2X4               0.317      0.004     79.014      0.000
    X2X5              -0.725      0.009    -85.089      0.000
    X2X6              -0.670      0.009    -78.393      0.000
    X2X7              -0.561      0.006    -86.382      0.000
    X3X4              -0.638      0.008    -78.858      0.000
    X3X5               0.526      0.006     82.477      0.000
    X3X6               0.653      0.008     79.616      0.000
    X3X7               0.487      0.006     83.783      0.000
    X4X5               0.083      0.001     83.459      0.000
    X4X6              -0.072      0.001    -78.836      0.000
    X4X7               0.013      0.000     85.038      0.000
    X5X7               0.092      0.001     83.686      0.000
    X6X7              -0.069      0.001    -79.384      0.000

 VDCOUNT    ON
    X1                -0.174      0.002    -74.828      0.000
    X2                -0.244      0.003    -77.845      0.000
    X3                 0.295      0.004     80.000      0.000
    X4                -0.064      0.001    -74.162      0.000
    X5                -0.127      0.002    -75.805      0.000
    X6                 0.235      0.003     74.700      0.000
    X7                 0.317      0.004     74.809      0.000
    X1X4               0.683      0.009     76.012      0.000
    X1X5              -0.288      0.004    -76.369      0.000
    X1X6               0.074      0.001     74.811      0.000
    X1X7               0.221      0.003     74.267      0.000
    X2X4              -2.327      0.029    -79.842      0.000
    X2X5               1.379      0.018     76.064      0.000
    X2X6               0.150      0.002     75.352      0.000
    X2X7              -0.126      0.002    -76.573      0.000
    X3X4               2.333      0.028     82.174      0.000
    X3X5              -1.559      0.021    -75.567      0.000
    X3X6              -0.337      0.004    -75.367      0.000
    X3X7              -0.485      0.006    -78.467      0.000
    X4X5              -0.005      0.000    -75.554      0.000
    X4X6              -0.242      0.003    -75.219      0.000
    X4X7              -0.129      0.002    -74.338      0.000
    X5X7              -0.001      0.000    -74.352      0.000
    X6X7               0.068      0.001     75.747      0.000

 VDWDIMMZ WITH
    VDLFL1Z            0.000      0.000    999.000    999.000

 VDWDDELZ WITH
    VDLFL1Z            0.000      0.000    999.000    999.000
    VDWDIMMZ           0.684      0.007     92.044      0.000

 VDEXF7Z  WITH
    VDLFL1Z            0.000      0.000    999.000    999.000
    VDWDIMMZ           0.000      0.000    999.000    999.000
    VDWDDELZ           0.000      0.000    999.000    999.000

 Intercepts
    VDLFL1Z            1.488      0.052     28.805      0.000
    VDWDIMMZ           2.100      0.057     36.698      0.000
    VDWDDELZ           1.057      0.045     23.537      0.000
    VDEXF7Z            2.352      0.086     27.330      0.000

 Thresholds
    VDORI$1           -1.042      0.091    -11.454      0.000
    VDORI$2           -0.687      0.063    -10.866      0.000
    VDORI$3           -0.338      0.050     -6.725      0.000
    VDORI$4            0.161      0.054      2.968      0.003
    VDLFL2$1          -1.306      0.111    -11.710      0.000
    VDLFL2$2          -0.366      0.049     -7.497      0.000
    VDLFL3$1          -0.810      0.097     -8.315      0.000
    VDLFL3$2           0.181      0.062      2.925      0.003
    VDSEVENS$1        -0.689      0.065    -10.532      0.000
    VDSEVENS$2        -0.191      0.048     -4.016      0.000
    VDSEVENS$3         0.090      0.056      1.602      0.109
    VDSEVENS$4         0.306      0.061      5.056      0.000
    VDSEVENS$5         0.616      0.065      9.428      0.000
    VDCOUNT$1         -0.785      0.071    -11.082      0.000
    NPG014$1           0.341      0.051      6.730      0.000
    NPG021$1           0.360      0.056      6.442      0.000
    NPG023$1           0.737      0.072     10.193      0.000
    NPG030$1           0.732      0.067     10.978      0.000
    NPG040$1           0.200      0.073      2.751      0.006
    NPG041$1           0.314      0.075      4.219      0.000
    NPG044$1           0.314      0.063      4.995      0.000
    NPG047$1           0.505      0.060      8.452      0.000
    NPG050$1           0.580      0.064      9.011      0.000
    NPG059$1           0.368      0.070      5.236      0.000
    PD102$1           -1.587      0.174     -9.148      0.000
    PD102$2            0.296      0.061      4.875      0.000

 Residual Variances
    VDLFL1Z            0.725      0.015     49.887      0.000
    VDWDIMMZ           0.776      0.005    160.631      0.000
    VDWDDELZ           0.730      0.006    129.186      0.000
    VDEXF7Z            0.573      0.013     44.454      0.000


STDY Standardization

                                                    Two-Tailed
                    Estimate       S.E.  Est./S.E.    P-Value

Latent Class 1 (1)

 VDORI      ON
    X1                -0.035      0.000   -284.481      0.000
    X2                 0.181      0.001    284.481      0.000
    X3                -0.763      0.003   -284.481      0.000
    X4                 0.352      0.001    284.481      0.000
    X5                -0.014      0.000   -284.481      0.000
    X6                -0.095      0.000   -284.481      0.000
    X7                 0.068      0.000    284.481      0.000
    X1X4               0.003      0.000    284.481      0.000
    X1X5               0.064      0.000    284.481      0.000
    X1X6               0.038      0.000    284.481      0.000
    X1X7              -0.005      0.000   -284.481      0.000
    X2X4              -0.126      0.000   -284.481      0.000
    X2X5              -0.494      0.002   -284.481      0.000
    X2X6              -0.493      0.002   -284.481      0.000
    X2X7               0.014      0.000    284.481      0.000
    X3X4               0.525      0.002    284.481      0.000
    X3X5               2.308      0.008    284.481      0.000
    X3X6               4.327      0.015    284.481      0.000
    X3X7              -0.042      0.000   -284.481      0.000
    X4X5               0.470      0.002    284.481      0.000
    X4X6              -0.049      0.000   -284.481      0.000
    X4X7              -0.025      0.000   -284.481      0.000
    X5X7              -0.006      0.000   -284.481      0.000
    X6X7              -0.038      0.000   -284.481      0.000

 VDLFL1Z    ON
    X1                -0.075      0.002    -37.330      0.000
    X2                 0.200      0.005     37.330      0.000
    X3                -0.533      0.014    -37.330      0.000
    X4                 0.015      0.000     37.330      0.000
    X5                -0.356      0.010    -37.330      0.000
    X6                -0.417      0.011    -37.330      0.000
    X7                 0.116      0.003     37.330      0.000
    X1X4               0.041      0.001     37.330      0.000
    X1X5               0.015      0.000     37.330      0.000
    X1X6               0.033      0.001     37.330      0.000
    X1X7               0.009      0.000     37.330      0.000
    X2X4              -0.194      0.005    -37.330      0.000
    X2X5               0.021      0.001     37.330      0.000
    X2X6              -0.024      0.001    -37.330      0.000
    X2X7              -0.052      0.001    -37.330      0.000
    X3X4               0.607      0.016     37.330      0.000
    X3X5              -0.285      0.008    -37.330      0.000
    X3X6              -0.631      0.017    -37.330      0.000
    X3X7               0.184      0.005     37.330      0.000
    X4X5              -0.127      0.003    -37.330      0.000
    X4X6               0.281      0.008     37.330      0.000
    X4X7               0.035      0.001     37.330      0.000
    X5X7              -0.024      0.001    -37.330      0.000
    X6X7              -0.055      0.001    -37.330      0.000

 VDLFL2     ON
    X1                -0.025      0.000   -147.985      0.000
    X2                -0.198      0.001   -147.985      0.000
    X3                 1.216      0.008    147.985      0.000
    X4                -0.285      0.002   -147.985      0.000
    X5                -0.484      0.003   -147.985      0.000
    X6                -0.239      0.002   -147.985      0.000
    X7                 0.075      0.001    147.985      0.000
    X1X4              -0.037      0.000   -147.985      0.000
    X1X5               0.112      0.001    147.985      0.000
    X1X6               0.177      0.001    147.985      0.000
    X1X7               0.011      0.000    147.985      0.000
    X2X4               0.623      0.004    147.985      0.000
    X2X5              -0.774      0.005   -147.985      0.000
    X2X6              -1.254      0.008   -147.985      0.000
    X2X7              -0.082      0.001   -147.985      0.000
    X3X4              -2.555      0.017   -147.985      0.000
    X3X5               3.780      0.026    147.985      0.000
    X3X6               5.096      0.034    147.985      0.000
    X3X7               0.471      0.003    147.985      0.000
    X4X5              -0.243      0.002   -147.985      0.000
    X4X6               0.368      0.002    147.985      0.000
    X4X7              -0.007      0.000   -147.985      0.000
    X5X7               0.115      0.001    147.985      0.000
    X6X7               0.046      0.000    147.985      0.000

 VDLFL3     ON
    X1                -0.038      0.000   -321.192      0.000
    X2                 0.137      0.000    321.192      0.000
    X3                -0.675      0.002   -321.192      0.000
    X4                -0.129      0.000   -321.192      0.000
    X5                -0.437      0.001   -321.192      0.000
    X6                -0.537      0.002   -321.192      0.000
    X7                 0.031      0.000    321.192      0.000
    X1X4               0.066      0.000    321.192      0.000
    X1X5               0.026      0.000    321.192      0.000
    X1X6              -0.010      0.000   -321.192      0.000
    X1X7               0.000      0.000   -321.192      0.000
    X2X4              -0.384      0.001   -321.192      0.000
    X2X5              -0.050      0.000   -321.192      0.000
    X2X6               0.221      0.001    321.192      0.000
    X2X7               0.012      0.000    321.192      0.000
    X3X4               1.971      0.006    321.192      0.000
    X3X5               0.092      0.000    321.192      0.000
    X3X6              -1.392      0.004   -321.192      0.000
    X3X7              -0.088      0.000   -321.192      0.000
    X4X5               0.015      0.000    321.192      0.000
    X4X6               0.158      0.000    321.192      0.000
    X4X7               0.052      0.000    321.192      0.000
    X5X7               0.097      0.000    321.192      0.000
    X6X7               0.046      0.000    321.192      0.000

 VDWDIMMZ   ON
    X1                -0.038      0.000   -160.714      0.000
    X2                 0.112      0.001    160.714      0.000
    X3                -0.621      0.004   -160.714      0.000
    X4                 0.328      0.002    160.714      0.000
    X5                -0.402      0.003   -160.714      0.000
    X6                -0.077      0.000   -160.714      0.000
    X7                 0.112      0.001    160.714      0.000
    X1X4               0.034      0.000    160.714      0.000
    X1X5               0.036      0.000    160.714      0.000
    X1X6              -0.024      0.000   -160.714      0.000
    X1X7              -0.001      0.000   -160.714      0.000
    X2X4              -0.241      0.002   -160.714      0.000
    X2X5              -0.169      0.001   -160.714      0.000
    X2X6               0.218      0.001    160.714      0.000
    X2X7              -0.011      0.000   -160.714      0.000
    X3X4               1.128      0.007    160.714      0.000
    X3X5               0.557      0.003    160.714      0.000
    X3X6              -1.084      0.007   -160.714      0.000
    X3X7               0.047      0.000    160.714      0.000
    X4X5               0.159      0.001    160.714      0.000
    X4X6              -0.148      0.001   -160.714      0.000
    X4X7               0.008      0.000    160.714      0.000
    X5X7              -0.027      0.000   -160.714      0.000
    X6X7              -0.073      0.000   -160.714      0.000

 VDWDDELZ   ON
    X1                -0.029      0.000   -147.180      0.000
    X2                 0.038      0.000    147.180      0.000
    X3                -0.332      0.002   -147.180      0.000
    X4                 0.304      0.002    147.180      0.000
    X5                -0.429      0.003   -147.180      0.000
    X6                 0.032      0.000    147.180      0.000
    X7                 0.104      0.001    147.180      0.000
    X1X4               0.038      0.000    147.180      0.000
    X1X5               0.024      0.000    147.180      0.000
    X1X6              -0.040      0.000   -147.180      0.000
    X1X7              -0.002      0.000   -147.180      0.000
    X2X4              -0.188      0.001   -147.180      0.000
    X2X5              -0.250      0.002   -147.180      0.000
    X2X6               0.031      0.000    147.180      0.000
    X2X7              -0.002      0.000   -147.180      0.000
    X3X4               0.842      0.006    147.180      0.000
    X3X5               1.182      0.008    147.180      0.000
    X3X6               0.239      0.002    147.180      0.000
    X3X7              -0.009      0.000   -147.180      0.000
    X4X5               0.059      0.000    147.180      0.000
    X4X6              -0.139      0.001   -147.180      0.000
    X4X7               0.014      0.000    147.180      0.000
    X5X7              -0.031      0.000   -147.180      0.000
    X6X7              -0.064      0.000   -147.180      0.000

 VDEXF7Z    ON
    X1                -0.016      0.000    -63.240      0.000
    X2                -0.055      0.001    -63.240      0.000
    X3                 0.352      0.006     63.240      0.000
    X4                -0.161      0.003    -63.240      0.000
    X5                -1.022      0.016    -63.240      0.000
    X6                -0.613      0.010    -63.240      0.000
    X7                 0.141      0.002     63.240      0.000
    X1X4              -0.011      0.000    -63.240      0.000
    X1X5               0.000      0.000    -63.240      0.000
    X1X6               0.040      0.001     63.240      0.000
    X1X7               0.000      0.000    999.000    999.000
    X2X4               0.087      0.001     63.240      0.000
    X2X5              -0.022      0.000    -63.240      0.000
    X2X6              -0.285      0.005    -63.240      0.000
    X2X7              -0.003      0.000    -63.240      0.000
    X3X4              -0.462      0.007    -63.240      0.000
    X3X5               0.303      0.005     63.240      0.000
    X3X6               1.493      0.024     63.240      0.000
    X3X7               0.022      0.000     63.240      0.000
    X4X5               0.340      0.005     63.240      0.000
    X4X6              -0.002      0.000    -63.240      0.000
    X4X7              -0.013      0.000    -63.240      0.000
    X5X7               0.057      0.001     63.240      0.000
    X6X7              -0.033      0.001    -63.240      0.000

 VDSEVENS   ON
    X1                -0.025      0.000   -285.140      0.000
    X2                -0.003      0.000   -285.140      0.000
    X3                 0.246      0.001    285.140      0.000
    X4                -0.315      0.001   -285.140      0.000
    X5                -0.841      0.003   -285.140      0.000
    X6                -0.213      0.001   -285.140      0.000
    X7                 0.077      0.000    285.140      0.000
    X1X4               0.006      0.000    285.140      0.000
    X1X5               0.035      0.000    285.140      0.000
    X1X6               0.092      0.000    285.140      0.000
    X1X7               0.005      0.000    285.140      0.000
    X2X4               0.051      0.000    285.140      0.000
    X2X5              -0.244      0.001   -285.140      0.000
    X2X6              -0.514      0.002   -285.140      0.000
    X2X7              -0.020      0.000   -285.140      0.000
    X3X4              -0.410      0.001   -285.140      0.000
    X3X5               0.725      0.003    285.140      0.000
    X3X6               3.088      0.011    285.140      0.000
    X3X7               0.075      0.000    285.140      0.000
    X4X5               0.281      0.001    285.140      0.000
    X4X6              -0.261      0.001   -285.140      0.000
    X4X7               0.005      0.000    285.140      0.000
    X5X7               0.074      0.000    285.140      0.000
    X6X7              -0.034      0.000   -285.140      0.000

 VDCOUNT    ON
    X1                -0.027      0.000   -289.050      0.000
    X2                -0.043      0.000   -289.050      0.000
    X3                 0.197      0.001    289.050      0.000
    X4                -0.162      0.001   -289.050      0.000
    X5                -0.414      0.001   -289.050      0.000
    X6                 0.857      0.003    289.050      0.000
    X7                 0.103      0.000    289.050      0.000
    X1X4               0.099      0.000    289.050      0.000
    X1X5              -0.073      0.000   -289.050      0.000
    X1X6               0.025      0.000    289.050      0.000
    X1X7               0.005      0.000    289.050      0.000
    X2X4              -0.429      0.001   -289.050      0.000
    X2X5               0.529      0.002    289.050      0.000
    X2X6               0.131      0.000    289.050      0.000
    X2X7              -0.005      0.000   -289.050      0.000
    X3X4               1.704      0.006    289.050      0.000
    X3X5              -2.444      0.008   -289.050      0.000
    X3X6              -1.812      0.006   -289.050      0.000
    X3X7              -0.085      0.000   -289.050      0.000
    X4X5              -0.019      0.000   -289.050      0.000
    X4X6              -1.001      0.003   -289.050      0.000
    X4X7              -0.055      0.000   -289.050      0.000
    X5X7              -0.001      0.000   -289.050      0.000
    X6X7               0.038      0.000    289.050      0.000

 VDWDIMMZ WITH
    VDLFL1Z            0.000      0.000    999.000    999.000

 VDWDDELZ WITH
    VDLFL1Z            0.000      0.000    999.000    999.000
    VDWDIMMZ           0.684      0.007     92.044      0.000

 VDEXF7Z  WITH
    VDLFL1Z            0.000      0.000    999.000    999.000
    VDWDIMMZ           0.000      0.000    999.000    999.000
    VDWDDELZ           0.000      0.000    999.000    999.000

 Intercepts
    VDLFL1Z            2.390      0.064     37.633      0.000
    VDWDIMMZ           3.266      0.030    109.808      0.000
    VDWDDELZ           2.258      0.030     75.142      0.000
    VDEXF7Z            3.403      0.061     55.650      0.000

 Thresholds
    VDORI$1           -3.356      0.322    -10.423      0.000
    VDORI$2           -2.606      0.152    -17.182      0.000
    VDORI$3           -1.845      0.056    -32.706      0.000
    VDORI$4           -0.749      0.026    -28.773      0.000
    VDLFL2$1          -2.834      0.163    -17.439      0.000
    VDLFL2$2          -1.598      0.046    -34.881      0.000
    VDLFL3$1          -2.396      0.092    -26.089      0.000
    VDLFL3$2          -0.548      0.023    -23.587      0.000
    VDSEVENS$1        -1.525      0.043    -35.340      0.000
    VDSEVENS$2        -0.959      0.032    -30.380      0.000
    VDSEVENS$3        -0.705      0.026    -27.551      0.000
    VDSEVENS$4        -0.334      0.023    -14.669      0.000
    VDSEVENS$5         0.098      0.022      4.434      0.000
    VDCOUNT$1         -1.568      0.050    -31.364      0.000
    NPG014$1           1.247      0.035     36.000      0.000
    NPG021$1           1.520      0.053     28.617      0.000
    NPG023$1           2.125      0.086     24.716      0.000
    NPG030$1           1.616      0.047     34.464      0.000
    NPG040$1           1.155      0.036     31.940      0.000
    NPG041$1           1.744      0.057     30.425      0.000
    NPG044$1           1.531      0.048     31.954      0.000
    NPG047$1           2.090      0.080     26.238      0.000
    NPG050$1           2.080      0.076     27.510      0.000
    NPG059$1           1.894      0.060     31.786      0.000
    PD102$1           -2.321      0.093    -24.833      0.000
    PD102$2            0.638      0.026     24.929      0.000

 Residual Variances
    VDLFL1Z            0.774      0.013     60.846      0.000
    VDWDIMMZ           0.816      0.004    195.370      0.000
    VDWDDELZ           0.813      0.004    186.656      0.000
    VDEXF7Z            0.649      0.012     54.106      0.000

Latent Class 2 (2)

 VDORI      ON
    X1                -0.023      0.000   -120.293      0.000
    X2                 0.119      0.001    120.293      0.000
    X3                -0.501      0.004   -120.293      0.000
    X4                 0.231      0.002    120.293      0.000
    X5                -0.009      0.000   -120.293      0.000
    X6                -0.062      0.001   -120.293      0.000
    X7                 0.045      0.000    120.293      0.000
    X1X4               0.002      0.000    120.293      0.000
    X1X5               0.042      0.000    120.293      0.000
    X1X6               0.025      0.000    120.293      0.000
    X1X7              -0.003      0.000   -120.293      0.000
    X2X4              -0.083      0.001   -120.293      0.000
    X2X5              -0.325      0.003   -120.293      0.000
    X2X6              -0.324      0.003   -120.293      0.000
    X2X7               0.009      0.000    120.293      0.000
    X3X4               0.345      0.003    120.293      0.000
    X3X5               1.517      0.013    120.293      0.000
    X3X6               2.843      0.024    120.293      0.000
    X3X7              -0.028      0.000   -120.293      0.000
    X4X5               0.309      0.003    120.293      0.000
    X4X6              -0.032      0.000   -120.293      0.000
    X4X7              -0.017      0.000   -120.293      0.000
    X5X7              -0.004      0.000   -120.293      0.000
    X6X7              -0.025      0.000   -120.293      0.000

 VDLFL1Z    ON
    X1                -0.069      0.002    -44.205      0.000
    X2                 0.183      0.004     44.205      0.000
    X3                -0.487      0.011    -44.205      0.000
    X4                 0.014      0.000     44.205      0.000
    X5                -0.325      0.007    -44.205      0.000
    X6                -0.381      0.009    -44.205      0.000
    X7                 0.105      0.002     44.205      0.000
    X1X4               0.038      0.001     44.205      0.000
    X1X5               0.013      0.000     44.205      0.000
    X1X6               0.030      0.001     44.205      0.000
    X1X7               0.008      0.000     44.205      0.000
    X2X4              -0.177      0.004    -44.205      0.000
    X2X5               0.019      0.000     44.205      0.000
    X2X6              -0.022      0.001    -44.205      0.000
    X2X7              -0.048      0.001    -44.205      0.000
    X3X4               0.554      0.013     44.205      0.000
    X3X5              -0.260      0.006    -44.205      0.000
    X3X6              -0.576      0.013    -44.205      0.000
    X3X7               0.168      0.004     44.205      0.000
    X4X5              -0.116      0.003    -44.205      0.000
    X4X6               0.257      0.006     44.205      0.000
    X4X7               0.032      0.001     44.205      0.000
    X5X7              -0.022      0.000    -44.205      0.000
    X6X7              -0.050      0.001    -44.205      0.000

 VDLFL2     ON
    X1                -0.017      0.000   -104.469      0.000
    X2                -0.134      0.001   -104.469      0.000
    X3                 0.824      0.008    104.469      0.000
    X4                -0.193      0.002   -104.469      0.000
    X5                -0.328      0.003   -104.469      0.000
    X6                -0.162      0.002   -104.469      0.000
    X7                 0.051      0.000    104.469      0.000
    X1X4              -0.025      0.000   -104.469      0.000
    X1X5               0.076      0.001    104.469      0.000
    X1X6               0.120      0.001    104.469      0.000
    X1X7               0.008      0.000    104.469      0.000
    X2X4               0.422      0.004    104.469      0.000
    X2X5              -0.524      0.005   -104.469      0.000
    X2X6              -0.849      0.008   -104.469      0.000
    X2X7              -0.056      0.001   -104.469      0.000
    X3X4              -1.731      0.017   -104.469      0.000
    X3X5               2.560      0.025    104.469      0.000
    X3X6               3.452      0.033    104.469      0.000
    X3X7               0.319      0.003    104.469      0.000
    X4X5              -0.164      0.002   -104.469      0.000
    X4X6               0.249      0.002    104.469      0.000
    X4X7              -0.004      0.000   -104.469      0.000
    X5X7               0.078      0.001    104.469      0.000
    X6X7               0.031      0.000    104.469      0.000

 VDLFL3     ON
    X1                -0.034      0.000   -216.534      0.000
    X2                 0.125      0.001    216.534      0.000
    X3                -0.615      0.003   -216.534      0.000
    X4                -0.117      0.001   -216.534      0.000
    X5                -0.398      0.002   -216.534      0.000
    X6                -0.489      0.002   -216.534      0.000
    X7                 0.028      0.000    216.534      0.000
    X1X4               0.060      0.000    216.534      0.000
    X1X5               0.024      0.000    216.534      0.000
    X1X6              -0.009      0.000   -216.534      0.000
    X1X7               0.000      0.000   -216.534      0.000
    X2X4              -0.350      0.002   -216.534      0.000
    X2X5              -0.046      0.000   -216.534      0.000
    X2X6               0.201      0.001    216.534      0.000
    X2X7               0.011      0.000    216.534      0.000
    X3X4               1.795      0.008    216.534      0.000
    X3X5               0.084      0.000    216.534      0.000
    X3X6              -1.268      0.006   -216.534      0.000
    X3X7              -0.080      0.000   -216.534      0.000
    X4X5               0.014      0.000    216.534      0.000
    X4X6               0.144      0.001    216.534      0.000
    X4X7               0.048      0.000    216.534      0.000
    X5X7               0.088      0.000    216.534      0.000
    X6X7               0.042      0.000    216.534      0.000

 VDWDIMMZ   ON
    X1                -0.037      0.000   -162.687      0.000
    X2                 0.109      0.001    162.687      0.000
    X3                -0.605      0.004   -162.687      0.000
    X4                 0.320      0.002    162.687      0.000
    X5                -0.392      0.002   -162.687      0.000
    X6                -0.075      0.000   -162.687      0.000
    X7                 0.110      0.001    162.687      0.000
    X1X4               0.033      0.000    162.687      0.000
    X1X5               0.036      0.000    162.687      0.000
    X1X6              -0.023      0.000   -162.687      0.000
    X1X7              -0.001      0.000   -162.687      0.000
    X2X4              -0.235      0.001   -162.687      0.000
    X2X5              -0.165      0.001   -162.687      0.000
    X2X6               0.212      0.001    162.687      0.000
    X2X7              -0.011      0.000   -162.687      0.000
    X3X4               1.099      0.007    162.687      0.000
    X3X5               0.543      0.003    162.687      0.000
    X3X6              -1.056      0.006   -162.687      0.000
    X3X7               0.046      0.000    162.687      0.000
    X4X5               0.154      0.001    162.687      0.000
    X4X6              -0.144      0.001   -162.687      0.000
    X4X7               0.008      0.000    162.687      0.000
    X5X7              -0.027      0.000   -162.687      0.000
    X6X7              -0.071      0.000   -162.687      0.000

 VDWDDELZ   ON
    X1                -0.028      0.000   -150.260      0.000
    X2                 0.036      0.000    150.260      0.000
    X3                -0.322      0.002   -150.260      0.000
    X4                 0.294      0.002    150.260      0.000
    X5                -0.416      0.003   -150.260      0.000
    X6                 0.031      0.000    150.260      0.000
    X7                 0.101      0.001    150.260      0.000
    X1X4               0.037      0.000    150.260      0.000
    X1X5               0.024      0.000    150.260      0.000
    X1X6              -0.039      0.000   -150.260      0.000
    X1X7              -0.002      0.000   -150.260      0.000
    X2X4              -0.182      0.001   -150.260      0.000
    X2X5              -0.242      0.002   -150.260      0.000
    X2X6               0.030      0.000    150.260      0.000
    X2X7              -0.002      0.000   -150.260      0.000
    X3X4               0.816      0.005    150.260      0.000
    X3X5               1.145      0.008    150.260      0.000
    X3X6               0.232      0.002    150.260      0.000
    X3X7              -0.009      0.000   -150.260      0.000
    X4X5               0.057      0.000    150.260      0.000
    X4X6              -0.135      0.001   -150.260      0.000
    X4X7               0.014      0.000    150.260      0.000
    X5X7              -0.030      0.000   -150.260      0.000
    X6X7              -0.062      0.000   -150.260      0.000

 VDEXF7Z    ON
    X1                -0.015      0.000    -68.986      0.000
    X2                -0.052      0.001    -68.986      0.000
    X3                 0.333      0.005     68.986      0.000
    X4                -0.152      0.002    -68.986      0.000
    X5                -0.965      0.014    -68.986      0.000
    X6                -0.579      0.008    -68.986      0.000
    X7                 0.133      0.002     68.986      0.000
    X1X4              -0.011      0.000    -68.986      0.000
    X1X5               0.000      0.000    -68.986      0.000
    X1X6               0.038      0.001     68.986      0.000
    X1X7               0.000      0.000    999.000    999.000
    X2X4               0.082      0.001     68.986      0.000
    X2X5              -0.020      0.000    -68.986      0.000
    X2X6              -0.269      0.004    -68.986      0.000
    X2X7              -0.003      0.000    -68.986      0.000
    X3X4              -0.436      0.006    -68.986      0.000
    X3X5               0.286      0.004     68.986      0.000
    X3X6               1.409      0.020     68.986      0.000
    X3X7               0.021      0.000     68.986      0.000
    X4X5               0.321      0.005     68.986      0.000
    X4X6              -0.002      0.000    -68.986      0.000
    X4X7              -0.013      0.000    -68.986      0.000
    X5X7               0.053      0.001     68.986      0.000
    X6X7              -0.031      0.000    -68.986      0.000

 VDSEVENS   ON
    X1                -0.022      0.000   -177.968      0.000
    X2                -0.003      0.000   -177.968      0.000
    X3                 0.213      0.001    177.968      0.000
    X4                -0.273      0.002   -177.968      0.000
    X5                -0.728      0.004   -177.968      0.000
    X6                -0.185      0.001   -177.968      0.000
    X7                 0.067      0.000    177.968      0.000
    X1X4               0.005      0.000    177.968      0.000
    X1X5               0.030      0.000    177.968      0.000
    X1X6               0.080      0.000    177.968      0.000
    X1X7               0.005      0.000    177.968      0.000
    X2X4               0.045      0.000    177.968      0.000
    X2X5              -0.212      0.001   -177.968      0.000
    X2X6              -0.445      0.003   -177.968      0.000
    X2X7              -0.017      0.000   -177.968      0.000
    X3X4              -0.355      0.002   -177.968      0.000
    X3X5               0.628      0.004    177.968      0.000
    X3X6               2.674      0.015    177.968      0.000
    X3X7               0.065      0.000    177.968      0.000
    X4X5               0.243      0.001    177.968      0.000
    X4X6              -0.226      0.001   -177.968      0.000
    X4X7               0.004      0.000    177.968      0.000
    X5X7               0.064      0.000    177.968      0.000
    X6X7              -0.029      0.000   -177.968      0.000

 VDCOUNT    ON
    X1                -0.025      0.000   -222.168      0.000
    X2                -0.040      0.000   -222.168      0.000
    X3                 0.185      0.001    222.168      0.000
    X4                -0.152      0.001   -222.168      0.000
    X5                -0.388      0.002   -222.168      0.000
    X6                 0.803      0.004    222.168      0.000
    X7                 0.096      0.000    222.168      0.000
    X1X4               0.093      0.000    222.168      0.000
    X1X5              -0.068      0.000   -222.168      0.000
    X1X6               0.024      0.000    222.168      0.000
    X1X7               0.005      0.000    222.168      0.000
    X2X4              -0.402      0.002   -222.168      0.000
    X2X5               0.495      0.002    222.168      0.000
    X2X6               0.123      0.001    222.168      0.000
    X2X7              -0.005      0.000   -222.168      0.000
    X3X4               1.597      0.007    222.168      0.000
    X3X5              -2.289      0.010   -222.168      0.000
    X3X6              -1.697      0.008   -222.168      0.000
    X3X7              -0.080      0.000   -222.168      0.000
    X4X5              -0.018      0.000   -222.168      0.000
    X4X6              -0.938      0.004   -222.168      0.000
    X4X7              -0.051      0.000   -222.168      0.000
    X5X7              -0.001      0.000   -222.168      0.000
    X6X7               0.036      0.000    222.168      0.000

 VDWDIMMZ WITH
    VDLFL1Z            0.000      0.000    999.000    999.000

 VDWDDELZ WITH
    VDLFL1Z            0.000      0.000    999.000    999.000
    VDWDIMMZ           0.684      0.007     92.044      0.000

 VDEXF7Z  WITH
    VDLFL1Z            0.000      0.000    999.000    999.000
    VDWDIMMZ           0.000      0.000    999.000    999.000
    VDWDDELZ           0.000      0.000    999.000    999.000

 Intercepts
    VDLFL1Z            1.818      0.052     35.263      0.000
    VDWDIMMZ           2.667      0.041     64.587      0.000
    VDWDDELZ           1.593      0.038     41.448      0.000
    VDEXF7Z            2.791      0.061     46.096      0.000

 Thresholds
    VDORI$1           -1.435      0.105    -13.682      0.000
    VDORI$2           -1.204      0.086    -14.084      0.000
    VDORI$3           -0.871      0.057    -15.389      0.000
    VDORI$4           -0.267      0.026    -10.244      0.000
    VDLFL2$1          -1.697      0.186     -9.100      0.000
    VDLFL2$2          -0.762      0.038    -19.820      0.000
    VDLFL3$1          -1.772      0.114    -15.480      0.000
    VDLFL3$2          -0.140      0.035     -4.007      0.000
    VDSEVENS$1        -0.839      0.046    -18.357      0.000
    VDSEVENS$2        -0.419      0.040    -10.386      0.000
    VDSEVENS$3        -0.168      0.033     -5.092      0.000
    VDSEVENS$4         0.061      0.030      2.029      0.042
    VDSEVENS$5         0.432      0.036     12.033      0.000
    VDCOUNT$1         -1.160      0.061    -19.024      0.000
    NPG014$1           0.798      0.047     16.893      0.000
    NPG021$1           0.979      0.061     16.105      0.000
    NPG023$1           1.369      0.074     18.393      0.000
    NPG030$1           1.108      0.072     15.453      0.000
    NPG040$1           0.579      0.044     13.253      0.000
    NPG041$1           1.066      0.061     17.559      0.000
    NPG044$1           0.855      0.053     15.991      0.000
    NPG047$1           1.165      0.070     16.725      0.000
    NPG050$1           1.324      0.088     15.102      0.000
    NPG059$1           1.076      0.063     16.952      0.000
    PD102$1           -1.850      0.073    -25.391      0.000
    PD102$2            0.390      0.047      8.247      0.000

 Residual Variances
    VDLFL1Z            0.646      0.017     38.736      0.000
    VDWDIMMZ           0.774      0.005    159.226      0.000
    VDWDDELZ           0.763      0.005    147.333      0.000
    VDEXF7Z            0.579      0.013     45.057      0.000

Latent Class 3 (3)

 VDORI      ON
    X1                -0.031      0.000   -188.608      0.000
    X2                 0.161      0.001    188.608      0.000
    X3                -0.677      0.004   -188.608      0.000
    X4                 0.313      0.002    188.608      0.000
    X5                -0.013      0.000   -188.608      0.000
    X6                -0.084      0.000   -188.608      0.000
    X7                 0.060      0.000    188.608      0.000
    X1X4               0.003      0.000    188.608      0.000
    X1X5               0.057      0.000    188.608      0.000
    X1X6               0.034      0.000    188.608      0.000
    X1X7              -0.004      0.000   -188.608      0.000
    X2X4              -0.112      0.001   -188.608      0.000
    X2X5              -0.439      0.002   -188.608      0.000
    X2X6              -0.438      0.002   -188.608      0.000
    X2X7               0.012      0.000    188.608      0.000
    X3X4               0.466      0.002    188.608      0.000
    X3X5               2.049      0.011    188.608      0.000
    X3X6               3.842      0.020    188.608      0.000
    X3X7              -0.037      0.000   -188.608      0.000
    X4X5               0.417      0.002    188.608      0.000
    X4X6              -0.044      0.000   -188.608      0.000
    X4X7              -0.022      0.000   -188.608      0.000
    X5X7              -0.005      0.000   -188.608      0.000
    X6X7              -0.033      0.000   -188.608      0.000

 VDLFL1Z    ON
    X1                -0.073      0.002    -39.741      0.000
    X2                 0.193      0.005     39.741      0.000
    X3                -0.516      0.013    -39.741      0.000
    X4                 0.014      0.000     39.741      0.000
    X5                -0.345      0.009    -39.741      0.000
    X6                -0.403      0.010    -39.741      0.000
    X7                 0.112      0.003     39.741      0.000
    X1X4               0.040      0.001     39.741      0.000
    X1X5               0.014      0.000     39.741      0.000
    X1X6               0.032      0.001     39.741      0.000
    X1X7               0.008      0.000     39.741      0.000
    X2X4              -0.188      0.005    -39.741      0.000
    X2X5               0.020      0.001     39.741      0.000
    X2X6              -0.024      0.001    -39.741      0.000
    X2X7              -0.051      0.001    -39.741      0.000
    X3X4               0.588      0.015     39.741      0.000
    X3X5              -0.276      0.007    -39.741      0.000
    X3X6              -0.611      0.015    -39.741      0.000
    X3X7               0.178      0.004     39.741      0.000
    X4X5              -0.123      0.003    -39.741      0.000
    X4X6               0.272      0.007     39.741      0.000
    X4X7               0.034      0.001     39.741      0.000
    X5X7              -0.023      0.001    -39.741      0.000
    X6X7              -0.053      0.001    -39.741      0.000

 VDLFL2     ON
    X1                -0.015      0.000    -98.264      0.000
    X2                -0.116      0.001    -98.264      0.000
    X3                 0.712      0.007     98.264      0.000
    X4                -0.167      0.002    -98.264      0.000
    X5                -0.284      0.003    -98.264      0.000
    X6                -0.140      0.001    -98.264      0.000
    X7                 0.044      0.000     98.264      0.000
    X1X4              -0.021      0.000    -98.264      0.000
    X1X5               0.066      0.001     98.264      0.000
    X1X6               0.104      0.001     98.264      0.000
    X1X7               0.007      0.000     98.264      0.000
    X2X4               0.365      0.004     98.264      0.000
    X2X5              -0.453      0.005    -98.264      0.000
    X2X6              -0.734      0.007    -98.264      0.000
    X2X7              -0.048      0.000    -98.264      0.000
    X3X4              -1.495      0.015    -98.264      0.000
    X3X5               2.213      0.023     98.264      0.000
    X3X6               2.983      0.030     98.264      0.000
    X3X7               0.276      0.003     98.264      0.000
    X4X5              -0.142      0.001    -98.264      0.000
    X4X6               0.216      0.002     98.264      0.000
    X4X7              -0.004      0.000    -98.264      0.000
    X5X7               0.067      0.001     98.264      0.000
    X6X7               0.027      0.000     98.264      0.000

 VDLFL3     ON
    X1                -0.029      0.000   -148.274      0.000
    X2                 0.106      0.001    148.274      0.000
    X3                -0.518      0.003   -148.274      0.000
    X4                -0.099      0.001   -148.274      0.000
    X5                -0.335      0.002   -148.274      0.000
    X6                -0.412      0.003   -148.274      0.000
    X7                 0.024      0.000    148.274      0.000
    X1X4               0.051      0.000    148.274      0.000
    X1X5               0.020      0.000    148.274      0.000
    X1X6              -0.008      0.000   -148.274      0.000
    X1X7               0.000      0.000   -148.274      0.000
    X2X4              -0.295      0.002   -148.274      0.000
    X2X5              -0.039      0.000   -148.274      0.000
    X2X6               0.170      0.001    148.274      0.000
    X2X7               0.009      0.000    148.274      0.000
    X3X4               1.513      0.010    148.274      0.000
    X3X5               0.071      0.000    148.274      0.000
    X3X6              -1.069      0.007   -148.274      0.000
    X3X7              -0.067      0.000   -148.274      0.000
    X4X5               0.012      0.000    148.274      0.000
    X4X6               0.122      0.001    148.274      0.000
    X4X7               0.040      0.000    148.274      0.000
    X5X7               0.074      0.001    148.274      0.000
    X6X7               0.036      0.000    148.274      0.000

 VDWDIMMZ   ON
    X1                -0.037      0.000   -162.625      0.000
    X2                 0.109      0.001    162.625      0.000
    X3                -0.606      0.004   -162.625      0.000
    X4                 0.320      0.002    162.625      0.000
    X5                -0.393      0.002   -162.625      0.000
    X6                -0.075      0.000   -162.625      0.000
    X7                 0.110      0.001    162.625      0.000
    X1X4               0.033      0.000    162.625      0.000
    X1X5               0.036      0.000    162.625      0.000
    X1X6              -0.023      0.000   -162.625      0.000
    X1X7              -0.001      0.000   -162.625      0.000
    X2X4              -0.235      0.001   -162.625      0.000
    X2X5              -0.165      0.001   -162.625      0.000
    X2X6               0.212      0.001    162.625      0.000
    X2X7              -0.011      0.000   -162.625      0.000
    X3X4               1.100      0.007    162.625      0.000
    X3X5               0.544      0.003    162.625      0.000
    X3X6              -1.058      0.007   -162.625      0.000
    X3X7               0.046      0.000    162.625      0.000
    X4X5               0.155      0.001    162.625      0.000
    X4X6              -0.145      0.001   -162.625      0.000
    X4X7               0.008      0.000    162.625      0.000
    X5X7              -0.027      0.000   -162.625      0.000
    X6X7              -0.072      0.000   -162.625      0.000

 VDWDDELZ   ON
    X1                -0.027      0.000   -151.428      0.000
    X2                 0.036      0.000    151.428      0.000
    X3                -0.315      0.002   -151.428      0.000
    X4                 0.288      0.002    151.428      0.000
    X5                -0.406      0.003   -151.428      0.000
    X6                 0.030      0.000    151.428      0.000
    X7                 0.099      0.001    151.428      0.000
    X1X4               0.036      0.000    151.428      0.000
    X1X5               0.023      0.000    151.428      0.000
    X1X6              -0.038      0.000   -151.428      0.000
    X1X7              -0.002      0.000   -151.428      0.000
    X2X4              -0.178      0.001   -151.428      0.000
    X2X5              -0.237      0.002   -151.428      0.000
    X2X6               0.029      0.000    151.428      0.000
    X2X7              -0.002      0.000   -151.428      0.000
    X3X4               0.798      0.005    151.428      0.000
    X3X5               1.120      0.007    151.428      0.000
    X3X6               0.227      0.001    151.428      0.000
    X3X7              -0.008      0.000   -151.428      0.000
    X4X5               0.056      0.000    151.428      0.000
    X4X6              -0.132      0.001   -151.428      0.000
    X4X7               0.014      0.000    151.428      0.000
    X5X7              -0.029      0.000   -151.428      0.000
    X6X7              -0.061      0.000   -151.428      0.000

 VDEXF7Z    ON
    X1                -0.015      0.000    -69.473      0.000
    X2                -0.051      0.001    -69.473      0.000
    X3                 0.331      0.005     69.473      0.000
    X4                -0.151      0.002    -69.473      0.000
    X5                -0.960      0.014    -69.473      0.000
    X6                -0.576      0.008    -69.473      0.000
    X7                 0.132      0.002     69.473      0.000
    X1X4              -0.011      0.000    -69.473      0.000
    X1X5               0.000      0.000    -69.473      0.000
    X1X6               0.037      0.001     69.473      0.000
    X1X7               0.000      0.000    999.000    999.000
    X2X4               0.082      0.001     69.473      0.000
    X2X5              -0.020      0.000    -69.473      0.000
    X2X6              -0.268      0.004    -69.473      0.000
    X2X7              -0.003      0.000    -69.473      0.000
    X3X4              -0.434      0.006    -69.473      0.000
    X3X5               0.285      0.004     69.473      0.000
    X3X6               1.402      0.020     69.473      0.000
    X3X7               0.020      0.000     69.473      0.000
    X4X5               0.319      0.005     69.473      0.000
    X4X6              -0.002      0.000    -69.473      0.000
    X4X7              -0.012      0.000    -69.473      0.000
    X5X7               0.053      0.001     69.473      0.000
    X6X7              -0.031      0.000    -69.473      0.000

 VDSEVENS   ON
    X1                -0.023      0.000   -216.829      0.000
    X2                -0.003      0.000   -216.829      0.000
    X3                 0.229      0.001    216.829      0.000
    X4                -0.294      0.001   -216.829      0.000
    X5                -0.784      0.004   -216.829      0.000
    X6                -0.199      0.001   -216.829      0.000
    X7                 0.072      0.000    216.829      0.000
    X1X4               0.005      0.000    216.829      0.000
    X1X5               0.033      0.000    216.829      0.000
    X1X6               0.086      0.000    216.829      0.000
    X1X7               0.005      0.000    216.829      0.000
    X2X4               0.048      0.000    216.829      0.000
    X2X5              -0.228      0.001   -216.829      0.000
    X2X6              -0.479      0.002   -216.829      0.000
    X2X7              -0.018      0.000   -216.829      0.000
    X3X4              -0.382      0.002   -216.829      0.000
    X3X5               0.676      0.003    216.829      0.000
    X3X6               2.879      0.013    216.829      0.000
    X3X7               0.070      0.000    216.829      0.000
    X4X5               0.262      0.001    216.829      0.000
    X4X6              -0.243      0.001   -216.829      0.000
    X4X7               0.005      0.000    216.829      0.000
    X5X7               0.069      0.000    216.829      0.000
    X6X7              -0.032      0.000   -216.829      0.000

 VDCOUNT    ON
    X1                -0.022      0.000   -160.027      0.000
    X2                -0.035      0.000   -160.027      0.000
    X3                 0.162      0.001    160.027      0.000
    X4                -0.133      0.001   -160.027      0.000
    X5                -0.340      0.002   -160.027      0.000
    X6                 0.703      0.004    160.027      0.000
    X7                 0.084      0.001    160.027      0.000
    X1X4               0.081      0.001    160.027      0.000
    X1X5              -0.059      0.000   -160.027      0.000
    X1X6               0.021      0.000    160.027      0.000
    X1X7               0.005      0.000    160.027      0.000
    X2X4              -0.352      0.002   -160.027      0.000
    X2X5               0.433      0.003    160.027      0.000
    X2X6               0.107      0.001    160.027      0.000
    X2X7              -0.004      0.000   -160.027      0.000
    X3X4               1.397      0.009    160.027      0.000
    X3X5              -2.003      0.013   -160.027      0.000
    X3X6              -1.485      0.009   -160.027      0.000
    X3X7              -0.070      0.000   -160.027      0.000
    X4X5              -0.016      0.000   -160.027      0.000
    X4X6              -0.821      0.005   -160.027      0.000
    X4X7              -0.045      0.000   -160.027      0.000
    X5X7              -0.001      0.000   -160.027      0.000
    X6X7               0.031      0.000    160.027      0.000

 VDWDIMMZ WITH
    VDLFL1Z            0.000      0.000    999.000    999.000

 VDWDDELZ WITH
    VDLFL1Z            0.000      0.000    999.000    999.000
    VDWDIMMZ           0.684      0.007     92.044      0.000

 VDEXF7Z  WITH
    VDLFL1Z            0.000      0.000    999.000    999.000
    VDWDIMMZ           0.000      0.000    999.000    999.000
    VDWDDELZ           0.000      0.000    999.000    999.000

 Intercepts
    VDLFL1Z            1.488      0.052     28.805      0.000
    VDWDIMMZ           2.100      0.057     36.698      0.000
    VDWDDELZ           1.057      0.045     23.537      0.000
    VDEXF7Z            2.352      0.086     27.330      0.000

 Thresholds
    VDORI$1           -1.042      0.091    -11.454      0.000
    VDORI$2           -0.687      0.063    -10.866      0.000
    VDORI$3           -0.338      0.050     -6.725      0.000
    VDORI$4            0.161      0.054      2.968      0.003
    VDLFL2$1          -1.306      0.111    -11.710      0.000
    VDLFL2$2          -0.366      0.049     -7.497      0.000
    VDLFL3$1          -0.810      0.097     -8.315      0.000
    VDLFL3$2           0.181      0.062      2.925      0.003
    VDSEVENS$1        -0.689      0.065    -10.532      0.000
    VDSEVENS$2        -0.191      0.048     -4.016      0.000
    VDSEVENS$3         0.090      0.056      1.602      0.109
    VDSEVENS$4         0.306      0.061      5.056      0.000
    VDSEVENS$5         0.616      0.065      9.428      0.000
    VDCOUNT$1         -0.785      0.071    -11.082      0.000
    NPG014$1           0.341      0.051      6.730      0.000
    NPG021$1           0.360      0.056      6.442      0.000
    NPG023$1           0.737      0.072     10.193      0.000
    NPG030$1           0.732      0.067     10.978      0.000
    NPG040$1           0.200      0.073      2.751      0.006
    NPG041$1           0.314      0.075      4.219      0.000
    NPG044$1           0.314      0.063      4.995      0.000
    NPG047$1           0.505      0.060      8.452      0.000
    NPG050$1           0.580      0.064      9.011      0.000
    NPG059$1           0.368      0.070      5.236      0.000
    PD102$1           -1.587      0.174     -9.148      0.000
    PD102$2            0.296      0.061      4.875      0.000

 Residual Variances
    VDLFL1Z            0.725      0.015     49.887      0.000
    VDWDIMMZ           0.776      0.005    160.631      0.000
    VDWDDELZ           0.730      0.006    129.186      0.000
    VDEXF7Z            0.573      0.013     44.454      0.000


STD Standardization

                                                    Two-Tailed
                    Estimate       S.E.  Est./S.E.    P-Value

Latent Class 1 (1)

 VDORI      ON
    X1                -0.076      0.000    999.000    999.000
    X2                 0.391      0.000    999.000    999.000
    X3                -1.647      0.000    999.000    999.000
    X4                 0.760      0.000    999.000    999.000
    X5                -0.031      0.000    999.000    999.000
    X6                -0.204      0.000    999.000    999.000
    X7                 0.146      0.000    999.000    999.000
    X1X4               0.007      0.000    999.000    999.000
    X1X5               0.138      0.000    999.000    999.000
    X1X6               0.082      0.000    999.000    999.000
    X1X7              -0.010      0.000    999.000    999.000
    X2X4              -0.273      0.000    999.000    999.000
    X2X5              -1.067      0.000    999.000    999.000
    X2X6              -1.065      0.000    999.000    999.000
    X2X7               0.029      0.000    999.000    999.000
    X3X4               1.132      0.000    999.000    999.000
    X3X5               4.982      0.000    999.000    999.000
    X3X6               9.340      0.000    999.000    999.000
    X3X7              -0.090      0.000    999.000    999.000
    X4X5               1.014      0.000    999.000    999.000
    X4X6              -0.106      0.000    999.000    999.000
    X4X7              -0.054      0.000    999.000    999.000
    X5X7              -0.013      0.000    999.000    999.000
    X6X7              -0.081      0.000    999.000    999.000

 VDLFL1Z    ON
    X1                -0.006      0.000    999.000    999.000
    X2                 0.016      0.000    999.000    999.000
    X3                -0.042      0.000    999.000    999.000
    X4                 0.001      0.000    999.000    999.000
    X5                -0.028      0.000    999.000    999.000
    X6                -0.033      0.000    999.000    999.000
    X7                 0.009      0.000    999.000    999.000
    X1X4               0.003      0.000    999.000    999.000
    X1X5               0.001      0.000    999.000    999.000
    X1X6               0.003      0.000    999.000    999.000
    X1X7               0.001      0.000    999.000    999.000
    X2X4              -0.015      0.000    999.000    999.000
    X2X5               0.002      0.000    999.000    999.000
    X2X6              -0.002      0.000    999.000    999.000
    X2X7              -0.004      0.000    999.000    999.000
    X3X4               0.047      0.000    999.000    999.000
    X3X5              -0.022      0.000    999.000    999.000
    X3X6              -0.049      0.000    999.000    999.000
    X3X7               0.014      0.000    999.000    999.000
    X4X5              -0.010      0.000    999.000    999.000
    X4X6               0.022      0.000    999.000    999.000
    X4X7               0.003      0.000    999.000    999.000
    X5X7              -0.002      0.000    999.000    999.000
    X6X7              -0.004      0.000    999.000    999.000

 VDLFL2     ON
    X1                -0.069      0.000    999.000    999.000
    X2                -0.544      0.000    999.000    999.000
    X3                 3.344      0.000    999.000    999.000
    X4                -0.783      0.000    999.000    999.000
    X5                -1.332      0.000    999.000    999.000
    X6                -0.658      0.000    999.000    999.000
    X7                 0.206      0.000    999.000    999.000
    X1X4              -0.101      0.000    999.000    999.000
    X1X5               0.309      0.000    999.000    999.000
    X1X6               0.487      0.000    999.000    999.000
    X1X7               0.031      0.000    999.000    999.000
    X2X4               1.714      0.000    999.000    999.000
    X2X5              -2.129      0.000    999.000    999.000
    X2X6              -3.447      0.000    999.000    999.000
    X2X7              -0.226      0.000    999.000    999.000
    X3X4              -7.026      0.000    999.000    999.000
    X3X5              10.395      0.000    999.000    999.000
    X3X6              14.016      0.000    999.000    999.000
    X3X7               1.296      0.000    999.000    999.000
    X4X5              -0.668      0.000    999.000    999.000
    X4X6               1.013      0.000    999.000    999.000
    X4X7              -0.018      0.000    999.000    999.000
    X5X7               0.316      0.000    999.000    999.000
    X6X7               0.127      0.000    999.000    999.000

 VDLFL3     ON
    X1                -0.080      0.000    999.000    999.000
    X2                 0.290      0.000    999.000    999.000
    X3                -1.424      0.000    999.000    999.000
    X4                -0.272      0.000    999.000    999.000
    X5                -0.921      0.000    999.000    999.000
    X6                -1.132      0.000    999.000    999.000
    X7                 0.065      0.000    999.000    999.000
    X1X4               0.140      0.000    999.000    999.000
    X1X5               0.055      0.000    999.000    999.000
    X1X6              -0.021      0.000    999.000    999.000
    X1X7               0.000      0.000    999.000    999.000
    X2X4              -0.810      0.000    999.000    999.000
    X2X5              -0.106      0.000    999.000    999.000
    X2X6               0.466      0.000    999.000    999.000
    X2X7               0.026      0.000    999.000    999.000
    X3X4               4.157      0.000    999.000    999.000
    X3X5               0.195      0.000    999.000    999.000
    X3X6              -2.935      0.000    999.000    999.000
    X3X7              -0.185      0.000    999.000    999.000
    X4X5               0.032      0.000    999.000    999.000
    X4X6               0.334      0.000    999.000    999.000
    X4X7               0.110      0.000    999.000    999.000
    X5X7               0.204      0.000    999.000    999.000
    X6X7               0.098      0.000    999.000    999.000

 VDWDIMMZ   ON
    X1                -0.006      0.000    999.000    999.000
    X2                 0.019      0.000    999.000    999.000
    X3                -0.103      0.000    999.000    999.000
    X4                 0.055      0.000    999.000    999.000
    X5                -0.067      0.000    999.000    999.000
    X6                -0.013      0.000    999.000    999.000
    X7                 0.019      0.000    999.000    999.000
    X1X4               0.006      0.000    999.000    999.000
    X1X5               0.006      0.000    999.000    999.000
    X1X6              -0.004      0.000    999.000    999.000
    X1X7               0.000      0.000    999.000    999.000
    X2X4              -0.040      0.000    999.000    999.000
    X2X5              -0.028      0.000    999.000    999.000
    X2X6               0.036      0.000    999.000    999.000
    X2X7              -0.002      0.000    999.000    999.000
    X3X4               0.188      0.000    999.000    999.000
    X3X5               0.093      0.000    999.000    999.000
    X3X6              -0.180      0.000    999.000    999.000
    X3X7               0.008      0.000    999.000    999.000
    X4X5               0.026      0.000    999.000    999.000
    X4X6              -0.025      0.000    999.000    999.000
    X4X7               0.001      0.000    999.000    999.000
    X5X7              -0.005      0.000    999.000    999.000
    X6X7              -0.012      0.000    999.000    999.000

 VDWDDELZ   ON
    X1                -0.006      0.000    999.000    999.000
    X2                 0.008      0.000    999.000    999.000
    X3                -0.066      0.000    999.000    999.000
    X4                 0.061      0.000    999.000    999.000
    X5                -0.086      0.000    999.000    999.000
    X6                 0.006      0.000    999.000    999.000
    X7                 0.021      0.000    999.000    999.000
    X1X4               0.008      0.000    999.000    999.000
    X1X5               0.005      0.000    999.000    999.000
    X1X6              -0.008      0.000    999.000    999.000
    X1X7               0.000      0.000    999.000    999.000
    X2X4              -0.037      0.000    999.000    999.000
    X2X5              -0.050      0.000    999.000    999.000
    X2X6               0.006      0.000    999.000    999.000
    X2X7               0.000      0.000    999.000    999.000
    X3X4               0.168      0.000    999.000    999.000
    X3X5               0.236      0.000    999.000    999.000
    X3X6               0.048      0.000    999.000    999.000
    X3X7              -0.002      0.000    999.000    999.000
    X4X5               0.012      0.000    999.000    999.000
    X4X6              -0.028      0.000    999.000    999.000
    X4X7               0.003      0.000    999.000    999.000
    X5X7              -0.006      0.000    999.000    999.000
    X6X7              -0.013      0.000    999.000    999.000

 VDEXF7Z    ON
    X1                -0.003      0.000    999.000    999.000
    X2                -0.010      0.000    999.000    999.000
    X3                 0.066      0.000    999.000    999.000
    X4                -0.030      0.000    999.000    999.000
    X5                -0.191      0.000    999.000    999.000
    X6                -0.115      0.000    999.000    999.000
    X7                 0.026      0.000    999.000    999.000
    X1X4              -0.002      0.000    999.000    999.000
    X1X5               0.000      0.000    999.000    999.000
    X1X6               0.007      0.000    999.000    999.000
    X1X7               0.000      0.000    999.000    999.000
    X2X4               0.016      0.000    999.000    999.000
    X2X5              -0.004      0.000    999.000    999.000
    X2X6              -0.053      0.000    999.000    999.000
    X2X7              -0.001      0.000    999.000    999.000
    X3X4              -0.086      0.000    999.000    999.000
    X3X5               0.057      0.000    999.000    999.000
    X3X6               0.280      0.000    999.000    999.000
    X3X7               0.004      0.000    999.000    999.000
    X4X5               0.064      0.000    999.000    999.000
    X4X6               0.000      0.000    999.000    999.000
    X4X7              -0.002      0.000    999.000    999.000
    X5X7               0.011      0.000    999.000    999.000
    X6X7              -0.006      0.000    999.000    999.000

 VDSEVENS   ON
    X1                -0.054      0.000    999.000    999.000
    X2                -0.007      0.000    999.000    999.000
    X3                 0.531      0.000    999.000    999.000
    X4                -0.680      0.000    999.000    999.000
    X5                -1.815      0.000    999.000    999.000
    X6                -0.460      0.000    999.000    999.000
    X7                 0.166      0.000    999.000    999.000
    X1X4               0.012      0.000    999.000    999.000
    X1X5               0.076      0.000    999.000    999.000
    X1X6               0.198      0.000    999.000    999.000
    X1X7               0.011      0.000    999.000    999.000
    X2X4               0.111      0.000    999.000    999.000
    X2X5              -0.527      0.000    999.000    999.000
    X2X6              -1.109      0.000    999.000    999.000
    X2X7              -0.042      0.000    999.000    999.000
    X3X4              -0.885      0.000    999.000    999.000
    X3X5               1.564      0.000    999.000    999.000
    X3X6               6.662      0.000    999.000    999.000
    X3X7               0.162      0.000    999.000    999.000
    X4X5               0.606      0.000    999.000    999.000
    X4X6              -0.563      0.000    999.000    999.000
    X4X7               0.011      0.000    999.000    999.000
    X5X7               0.159      0.000    999.000    999.000
    X6X7              -0.073      0.000    999.000    999.000

 VDCOUNT    ON
    X1                -0.058      0.000    999.000    999.000
    X2                -0.092      0.000    999.000    999.000
    X3                 0.424      0.000    999.000    999.000
    X4                -0.349      0.000    999.000    999.000
    X5                -0.891      0.000    999.000    999.000
    X6                 1.844      0.000    999.000    999.000
    X7                 0.221      0.000    999.000    999.000
    X1X4               0.213      0.000    999.000    999.000
    X1X5              -0.156      0.000    999.000    999.000
    X1X6               0.054      0.000    999.000    999.000
    X1X7               0.012      0.000    999.000    999.000
    X2X4              -0.924      0.000    999.000    999.000
    X2X5               1.138      0.000    999.000    999.000
    X2X6               0.282      0.000    999.000    999.000
    X2X7              -0.011      0.000    999.000    999.000
    X3X4               3.667      0.000    999.000    999.000
    X3X5              -5.257      0.000    999.000    999.000
    X3X6              -3.898      0.000    999.000    999.000
    X3X7              -0.183      0.000    999.000    999.000
    X4X5              -0.042      0.000    999.000    999.000
    X4X6              -2.154      0.000    999.000    999.000
    X4X7              -0.118      0.000    999.000    999.000
    X5X7              -0.003      0.000    999.000    999.000
    X6X7               0.082      0.000    999.000    999.000

 VDWDIMMZ WITH
    VDLFL1Z            0.000      0.000    999.000    999.000

 VDWDDELZ WITH
    VDLFL1Z            0.000      0.000    999.000    999.000
    VDWDIMMZ           0.019      0.000    999.000    999.000

 VDEXF7Z  WITH
    VDLFL1Z            0.000      0.000    999.000    999.000
    VDWDIMMZ           0.000      0.000    999.000    999.000
    VDWDDELZ           0.000      0.000    999.000    999.000

 Intercepts
    VDLFL1Z            0.186      0.001    140.724      0.000
    VDWDIMMZ           0.543      0.003    168.772      0.000
    VDWDDELZ           0.451      0.004    115.209      0.000
    VDEXF7Z            0.637      0.003    214.764      0.000

 Thresholds
    VDORI$1           -7.244      0.695    -10.430      0.000
    VDORI$2           -5.626      0.327    -17.213      0.000
    VDORI$3           -3.983      0.121    -32.924      0.000
    VDORI$4           -1.618      0.056    -28.921      0.000
    VDLFL2$1          -7.795      0.444    -17.561      0.000
    VDLFL2$2          -4.395      0.122    -35.892      0.000
    VDLFL3$1          -5.052      0.193    -26.176      0.000
    VDLFL3$2          -1.156      0.049    -23.650      0.000
    VDSEVENS$1        -3.290      0.092    -35.614      0.000
    VDSEVENS$2        -2.069      0.068    -30.554      0.000
    VDSEVENS$3        -1.521      0.055    -27.681      0.000
    VDSEVENS$4        -0.721      0.049    -14.689      0.000
    VDSEVENS$5         0.211      0.048      4.434      0.000
    VDCOUNT$1         -3.374      0.107    -31.550      0.000
    NPG014$1           2.262      0.063     36.000      0.000
    NPG021$1           2.757      0.096     28.617      0.000
    NPG023$1           3.854      0.156     24.716      0.000
    NPG030$1           2.932      0.085     34.464      0.000
    NPG040$1           2.094      0.066     31.940      0.000
    NPG041$1           3.162      0.104     30.425      0.000
    NPG044$1           2.778      0.087     31.954      0.000
    NPG047$1           3.791      0.144     26.238      0.000
    NPG050$1           3.772      0.137     27.510      0.000
    NPG059$1           3.435      0.108     31.786      0.000
    PD102$1           -4.210      0.170    -24.833      0.000
    PD102$2            1.158      0.046     24.929      0.000

 Residual Variances
    VDLFL1Z            0.005      0.000     14.529      0.000
    VDWDIMMZ           0.023      0.000     70.108      0.000
    VDWDDELZ           0.032      0.001     63.361      0.000
    VDEXF7Z            0.023      0.001     21.294      0.000

Latent Class 2 (2)

 VDORI      ON
    X1                -0.076      0.000    999.000    999.000
    X2                 0.391      0.000    999.000    999.000
    X3                -1.647      0.000    999.000    999.000
    X4                 0.760      0.000    999.000    999.000
    X5                -0.031      0.000    999.000    999.000
    X6                -0.204      0.000    999.000    999.000
    X7                 0.146      0.000    999.000    999.000
    X1X4               0.007      0.000    999.000    999.000
    X1X5               0.138      0.000    999.000    999.000
    X1X6               0.082      0.000    999.000    999.000
    X1X7              -0.010      0.000    999.000    999.000
    X2X4              -0.273      0.000    999.000    999.000
    X2X5              -1.067      0.000    999.000    999.000
    X2X6              -1.065      0.000    999.000    999.000
    X2X7               0.029      0.000    999.000    999.000
    X3X4               1.132      0.000    999.000    999.000
    X3X5               4.982      0.000    999.000    999.000
    X3X6               9.340      0.000    999.000    999.000
    X3X7              -0.090      0.000    999.000    999.000
    X4X5               1.014      0.000    999.000    999.000
    X4X6              -0.106      0.000    999.000    999.000
    X4X7              -0.054      0.000    999.000    999.000
    X5X7              -0.013      0.000    999.000    999.000
    X6X7              -0.081      0.000    999.000    999.000

 VDLFL1Z    ON
    X1                -0.006      0.000    999.000    999.000
    X2                 0.016      0.000    999.000    999.000
    X3                -0.042      0.000    999.000    999.000
    X4                 0.001      0.000    999.000    999.000
    X5                -0.028      0.000    999.000    999.000
    X6                -0.033      0.000    999.000    999.000
    X7                 0.009      0.000    999.000    999.000
    X1X4               0.003      0.000    999.000    999.000
    X1X5               0.001      0.000    999.000    999.000
    X1X6               0.003      0.000    999.000    999.000
    X1X7               0.001      0.000    999.000    999.000
    X2X4              -0.015      0.000    999.000    999.000
    X2X5               0.002      0.000    999.000    999.000
    X2X6              -0.002      0.000    999.000    999.000
    X2X7              -0.004      0.000    999.000    999.000
    X3X4               0.047      0.000    999.000    999.000
    X3X5              -0.022      0.000    999.000    999.000
    X3X6              -0.049      0.000    999.000    999.000
    X3X7               0.014      0.000    999.000    999.000
    X4X5              -0.010      0.000    999.000    999.000
    X4X6               0.022      0.000    999.000    999.000
    X4X7               0.003      0.000    999.000    999.000
    X5X7              -0.002      0.000    999.000    999.000
    X6X7              -0.004      0.000    999.000    999.000

 VDLFL2     ON
    X1                -0.069      0.000    999.000    999.000
    X2                -0.544      0.000    999.000    999.000
    X3                 3.344      0.000    999.000    999.000
    X4                -0.783      0.000    999.000    999.000
    X5                -1.332      0.000    999.000    999.000
    X6                -0.658      0.000    999.000    999.000
    X7                 0.206      0.000    999.000    999.000
    X1X4              -0.101      0.000    999.000    999.000
    X1X5               0.309      0.000    999.000    999.000
    X1X6               0.487      0.000    999.000    999.000
    X1X7               0.031      0.000    999.000    999.000
    X2X4               1.714      0.000    999.000    999.000
    X2X5              -2.129      0.000    999.000    999.000
    X2X6              -3.447      0.000    999.000    999.000
    X2X7              -0.226      0.000    999.000    999.000
    X3X4              -7.026      0.000    999.000    999.000
    X3X5              10.395      0.000    999.000    999.000
    X3X6              14.016      0.000    999.000    999.000
    X3X7               1.296      0.000    999.000    999.000
    X4X5              -0.668      0.000    999.000    999.000
    X4X6               1.013      0.000    999.000    999.000
    X4X7              -0.018      0.000    999.000    999.000
    X5X7               0.316      0.000    999.000    999.000
    X6X7               0.127      0.000    999.000    999.000

 VDLFL3     ON
    X1                -0.080      0.000    999.000    999.000
    X2                 0.290      0.000    999.000    999.000
    X3                -1.424      0.000    999.000    999.000
    X4                -0.272      0.000    999.000    999.000
    X5                -0.921      0.000    999.000    999.000
    X6                -1.132      0.000    999.000    999.000
    X7                 0.065      0.000    999.000    999.000
    X1X4               0.140      0.000    999.000    999.000
    X1X5               0.055      0.000    999.000    999.000
    X1X6              -0.021      0.000    999.000    999.000
    X1X7               0.000      0.000    999.000    999.000
    X2X4              -0.810      0.000    999.000    999.000
    X2X5              -0.106      0.000    999.000    999.000
    X2X6               0.466      0.000    999.000    999.000
    X2X7               0.026      0.000    999.000    999.000
    X3X4               4.157      0.000    999.000    999.000
    X3X5               0.195      0.000    999.000    999.000
    X3X6              -2.935      0.000    999.000    999.000
    X3X7              -0.185      0.000    999.000    999.000
    X4X5               0.032      0.000    999.000    999.000
    X4X6               0.334      0.000    999.000    999.000
    X4X7               0.110      0.000    999.000    999.000
    X5X7               0.204      0.000    999.000    999.000
    X6X7               0.098      0.000    999.000    999.000

 VDWDIMMZ   ON
    X1                -0.006      0.000    999.000    999.000
    X2                 0.019      0.000    999.000    999.000
    X3                -0.103      0.000    999.000    999.000
    X4                 0.055      0.000    999.000    999.000
    X5                -0.067      0.000    999.000    999.000
    X6                -0.013      0.000    999.000    999.000
    X7                 0.019      0.000    999.000    999.000
    X1X4               0.006      0.000    999.000    999.000
    X1X5               0.006      0.000    999.000    999.000
    X1X6              -0.004      0.000    999.000    999.000
    X1X7               0.000      0.000    999.000    999.000
    X2X4              -0.040      0.000    999.000    999.000
    X2X5              -0.028      0.000    999.000    999.000
    X2X6               0.036      0.000    999.000    999.000
    X2X7              -0.002      0.000    999.000    999.000
    X3X4               0.188      0.000    999.000    999.000
    X3X5               0.093      0.000    999.000    999.000
    X3X6              -0.180      0.000    999.000    999.000
    X3X7               0.008      0.000    999.000    999.000
    X4X5               0.026      0.000    999.000    999.000
    X4X6              -0.025      0.000    999.000    999.000
    X4X7               0.001      0.000    999.000    999.000
    X5X7              -0.005      0.000    999.000    999.000
    X6X7              -0.012      0.000    999.000    999.000

 VDWDDELZ   ON
    X1                -0.006      0.000    999.000    999.000
    X2                 0.008      0.000    999.000    999.000
    X3                -0.066      0.000    999.000    999.000
    X4                 0.061      0.000    999.000    999.000
    X5                -0.086      0.000    999.000    999.000
    X6                 0.006      0.000    999.000    999.000
    X7                 0.021      0.000    999.000    999.000
    X1X4               0.008      0.000    999.000    999.000
    X1X5               0.005      0.000    999.000    999.000
    X1X6              -0.008      0.000    999.000    999.000
    X1X7               0.000      0.000    999.000    999.000
    X2X4              -0.037      0.000    999.000    999.000
    X2X5              -0.050      0.000    999.000    999.000
    X2X6               0.006      0.000    999.000    999.000
    X2X7               0.000      0.000    999.000    999.000
    X3X4               0.168      0.000    999.000    999.000
    X3X5               0.236      0.000    999.000    999.000
    X3X6               0.048      0.000    999.000    999.000
    X3X7              -0.002      0.000    999.000    999.000
    X4X5               0.012      0.000    999.000    999.000
    X4X6              -0.028      0.000    999.000    999.000
    X4X7               0.003      0.000    999.000    999.000
    X5X7              -0.006      0.000    999.000    999.000
    X6X7              -0.013      0.000    999.000    999.000

 VDEXF7Z    ON
    X1                -0.003      0.000    999.000    999.000
    X2                -0.010      0.000    999.000    999.000
    X3                 0.066      0.000    999.000    999.000
    X4                -0.030      0.000    999.000    999.000
    X5                -0.191      0.000    999.000    999.000
    X6                -0.115      0.000    999.000    999.000
    X7                 0.026      0.000    999.000    999.000
    X1X4              -0.002      0.000    999.000    999.000
    X1X5               0.000      0.000    999.000    999.000
    X1X6               0.007      0.000    999.000    999.000
    X1X7               0.000      0.000    999.000    999.000
    X2X4               0.016      0.000    999.000    999.000
    X2X5              -0.004      0.000    999.000    999.000
    X2X6              -0.053      0.000    999.000    999.000
    X2X7              -0.001      0.000    999.000    999.000
    X3X4              -0.086      0.000    999.000    999.000
    X3X5               0.057      0.000    999.000    999.000
    X3X6               0.280      0.000    999.000    999.000
    X3X7               0.004      0.000    999.000    999.000
    X4X5               0.064      0.000    999.000    999.000
    X4X6               0.000      0.000    999.000    999.000
    X4X7              -0.002      0.000    999.000    999.000
    X5X7               0.011      0.000    999.000    999.000
    X6X7              -0.006      0.000    999.000    999.000

 VDSEVENS   ON
    X1                -0.054      0.000    999.000    999.000
    X2                -0.007      0.000    999.000    999.000
    X3                 0.531      0.000    999.000    999.000
    X4                -0.680      0.000    999.000    999.000
    X5                -1.815      0.000    999.000    999.000
    X6                -0.460      0.000    999.000    999.000
    X7                 0.166      0.000    999.000    999.000
    X1X4               0.012      0.000    999.000    999.000
    X1X5               0.076      0.000    999.000    999.000
    X1X6               0.198      0.000    999.000    999.000
    X1X7               0.011      0.000    999.000    999.000
    X2X4               0.111      0.000    999.000    999.000
    X2X5              -0.527      0.000    999.000    999.000
    X2X6              -1.109      0.000    999.000    999.000
    X2X7              -0.042      0.000    999.000    999.000
    X3X4              -0.885      0.000    999.000    999.000
    X3X5               1.564      0.000    999.000    999.000
    X3X6               6.662      0.000    999.000    999.000
    X3X7               0.162      0.000    999.000    999.000
    X4X5               0.606      0.000    999.000    999.000
    X4X6              -0.563      0.000    999.000    999.000
    X4X7               0.011      0.000    999.000    999.000
    X5X7               0.159      0.000    999.000    999.000
    X6X7              -0.073      0.000    999.000    999.000

 VDCOUNT    ON
    X1                -0.058      0.000    999.000    999.000
    X2                -0.092      0.000    999.000    999.000
    X3                 0.424      0.000    999.000    999.000
    X4                -0.349      0.000    999.000    999.000
    X5                -0.891      0.000    999.000    999.000
    X6                 1.844      0.000    999.000    999.000
    X7                 0.221      0.000    999.000    999.000
    X1X4               0.213      0.000    999.000    999.000
    X1X5              -0.156      0.000    999.000    999.000
    X1X6               0.054      0.000    999.000    999.000
    X1X7               0.012      0.000    999.000    999.000
    X2X4              -0.924      0.000    999.000    999.000
    X2X5               1.138      0.000    999.000    999.000
    X2X6               0.282      0.000    999.000    999.000
    X2X7              -0.011      0.000    999.000    999.000
    X3X4               3.667      0.000    999.000    999.000
    X3X5              -5.257      0.000    999.000    999.000
    X3X6              -3.898      0.000    999.000    999.000
    X3X7              -0.183      0.000    999.000    999.000
    X4X5              -0.042      0.000    999.000    999.000
    X4X6              -2.154      0.000    999.000    999.000
    X4X7              -0.118      0.000    999.000    999.000
    X5X7              -0.003      0.000    999.000    999.000
    X6X7               0.082      0.000    999.000    999.000

 VDWDIMMZ WITH
    VDLFL1Z            0.000      0.000    999.000    999.000

 VDWDDELZ WITH
    VDLFL1Z            0.000      0.000    999.000    999.000
    VDWDIMMZ           0.019      0.000    999.000    999.000

 VDEXF7Z  WITH
    VDLFL1Z            0.000      0.000    999.000    999.000
    VDWDIMMZ           0.000      0.000    999.000    999.000
    VDWDDELZ           0.000      0.000    999.000    999.000

 Intercepts
    VDLFL1Z            0.155      0.003     53.537      0.000
    VDWDIMMZ           0.456      0.005     83.028      0.000
    VDWDDELZ           0.328      0.008     43.214      0.000
    VDEXF7Z            0.554      0.006     87.505      0.000

 Thresholds
    VDORI$1           -4.715      0.342    -13.771      0.000
    VDORI$2           -3.956      0.279    -14.181      0.000
    VDORI$3           -2.860      0.184    -15.517      0.000
    VDORI$4           -0.877      0.085    -10.282      0.000
    VDLFL2$1          -6.889      0.754     -9.134      0.000
    VDLFL2$2          -3.093      0.153    -20.187      0.000
    VDLFL3$1          -4.102      0.264    -15.520      0.000
    VDLFL3$2          -0.325      0.081     -4.007      0.000
    VDSEVENS$1        -2.089      0.113    -18.456      0.000
    VDSEVENS$2        -1.043      0.100    -10.404      0.000
    VDSEVENS$3        -0.418      0.082     -5.094      0.000
    VDSEVENS$4         0.153      0.075      2.029      0.042
    VDSEVENS$5         1.076      0.089     12.061      0.000
    VDCOUNT$1         -2.665      0.140    -19.094      0.000
    NPG014$1           1.447      0.086     16.893      0.000
    NPG021$1           1.776      0.110     16.105      0.000
    NPG023$1           2.484      0.135     18.393      0.000
    NPG030$1           2.010      0.130     15.453      0.000
    NPG040$1           1.050      0.079     13.253      0.000
    NPG041$1           1.934      0.110     17.559      0.000
    NPG044$1           1.550      0.097     15.991      0.000
    NPG047$1           2.114      0.126     16.725      0.000
    NPG050$1           2.402      0.159     15.102      0.000
    NPG059$1           1.952      0.115     16.952      0.000
    PD102$1           -3.356      0.132    -25.391      0.000
    PD102$2            0.707      0.086      8.247      0.000

 Residual Variances
    VDLFL1Z            0.005      0.000     14.529      0.000
    VDWDIMMZ           0.023      0.000     70.108      0.000
    VDWDDELZ           0.032      0.001     63.361      0.000
    VDEXF7Z            0.023      0.001     21.294      0.000

Latent Class 3 (3)

 VDORI      ON
    X1                -0.076      0.000    999.000    999.000
    X2                 0.391      0.000    999.000    999.000
    X3                -1.647      0.000    999.000    999.000
    X4                 0.760      0.000    999.000    999.000
    X5                -0.031      0.000    999.000    999.000
    X6                -0.204      0.000    999.000    999.000
    X7                 0.146      0.000    999.000    999.000
    X1X4               0.007      0.000    999.000    999.000
    X1X5               0.138      0.000    999.000    999.000
    X1X6               0.082      0.000    999.000    999.000
    X1X7              -0.010      0.000    999.000    999.000
    X2X4              -0.273      0.000    999.000    999.000
    X2X5              -1.067      0.000    999.000    999.000
    X2X6              -1.065      0.000    999.000    999.000
    X2X7               0.029      0.000    999.000    999.000
    X3X4               1.132      0.000    999.000    999.000
    X3X5               4.982      0.000    999.000    999.000
    X3X6               9.340      0.000    999.000    999.000
    X3X7              -0.090      0.000    999.000    999.000
    X4X5               1.014      0.000    999.000    999.000
    X4X6              -0.106      0.000    999.000    999.000
    X4X7              -0.054      0.000    999.000    999.000
    X5X7              -0.013      0.000    999.000    999.000
    X6X7              -0.081      0.000    999.000    999.000

 VDLFL1Z    ON
    X1                -0.006      0.000    999.000    999.000
    X2                 0.016      0.000    999.000    999.000
    X3                -0.042      0.000    999.000    999.000
    X4                 0.001      0.000    999.000    999.000
    X5                -0.028      0.000    999.000    999.000
    X6                -0.033      0.000    999.000    999.000
    X7                 0.009      0.000    999.000    999.000
    X1X4               0.003      0.000    999.000    999.000
    X1X5               0.001      0.000    999.000    999.000
    X1X6               0.003      0.000    999.000    999.000
    X1X7               0.001      0.000    999.000    999.000
    X2X4              -0.015      0.000    999.000    999.000
    X2X5               0.002      0.000    999.000    999.000
    X2X6              -0.002      0.000    999.000    999.000
    X2X7              -0.004      0.000    999.000    999.000
    X3X4               0.047      0.000    999.000    999.000
    X3X5              -0.022      0.000    999.000    999.000
    X3X6              -0.049      0.000    999.000    999.000
    X3X7               0.014      0.000    999.000    999.000
    X4X5              -0.010      0.000    999.000    999.000
    X4X6               0.022      0.000    999.000    999.000
    X4X7               0.003      0.000    999.000    999.000
    X5X7              -0.002      0.000    999.000    999.000
    X6X7              -0.004      0.000    999.000    999.000

 VDLFL2     ON
    X1                -0.069      0.000    999.000    999.000
    X2                -0.544      0.000    999.000    999.000
    X3                 3.344      0.000    999.000    999.000
    X4                -0.783      0.000    999.000    999.000
    X5                -1.332      0.000    999.000    999.000
    X6                -0.658      0.000    999.000    999.000
    X7                 0.206      0.000    999.000    999.000
    X1X4              -0.101      0.000    999.000    999.000
    X1X5               0.309      0.000    999.000    999.000
    X1X6               0.487      0.000    999.000    999.000
    X1X7               0.031      0.000    999.000    999.000
    X2X4               1.714      0.000    999.000    999.000
    X2X5              -2.129      0.000    999.000    999.000
    X2X6              -3.447      0.000    999.000    999.000
    X2X7              -0.226      0.000    999.000    999.000
    X3X4              -7.026      0.000    999.000    999.000
    X3X5              10.395      0.000    999.000    999.000
    X3X6              14.016      0.000    999.000    999.000
    X3X7               1.296      0.000    999.000    999.000
    X4X5              -0.668      0.000    999.000    999.000
    X4X6               1.013      0.000    999.000    999.000
    X4X7              -0.018      0.000    999.000    999.000
    X5X7               0.316      0.000    999.000    999.000
    X6X7               0.127      0.000    999.000    999.000

 VDLFL3     ON
    X1                -0.080      0.000    999.000    999.000
    X2                 0.290      0.000    999.000    999.000
    X3                -1.424      0.000    999.000    999.000
    X4                -0.272      0.000    999.000    999.000
    X5                -0.921      0.000    999.000    999.000
    X6                -1.132      0.000    999.000    999.000
    X7                 0.065      0.000    999.000    999.000
    X1X4               0.140      0.000    999.000    999.000
    X1X5               0.055      0.000    999.000    999.000
    X1X6              -0.021      0.000    999.000    999.000
    X1X7               0.000      0.000    999.000    999.000
    X2X4              -0.810      0.000    999.000    999.000
    X2X5              -0.106      0.000    999.000    999.000
    X2X6               0.466      0.000    999.000    999.000
    X2X7               0.026      0.000    999.000    999.000
    X3X4               4.157      0.000    999.000    999.000
    X3X5               0.195      0.000    999.000    999.000
    X3X6              -2.935      0.000    999.000    999.000
    X3X7              -0.185      0.000    999.000    999.000
    X4X5               0.032      0.000    999.000    999.000
    X4X6               0.334      0.000    999.000    999.000
    X4X7               0.110      0.000    999.000    999.000
    X5X7               0.204      0.000    999.000    999.000
    X6X7               0.098      0.000    999.000    999.000

 VDWDIMMZ   ON
    X1                -0.006      0.000    999.000    999.000
    X2                 0.019      0.000    999.000    999.000
    X3                -0.103      0.000    999.000    999.000
    X4                 0.055      0.000    999.000    999.000
    X5                -0.067      0.000    999.000    999.000
    X6                -0.013      0.000    999.000    999.000
    X7                 0.019      0.000    999.000    999.000
    X1X4               0.006      0.000    999.000    999.000
    X1X5               0.006      0.000    999.000    999.000
    X1X6              -0.004      0.000    999.000    999.000
    X1X7               0.000      0.000    999.000    999.000
    X2X4              -0.040      0.000    999.000    999.000
    X2X5              -0.028      0.000    999.000    999.000
    X2X6               0.036      0.000    999.000    999.000
    X2X7              -0.002      0.000    999.000    999.000
    X3X4               0.188      0.000    999.000    999.000
    X3X5               0.093      0.000    999.000    999.000
    X3X6              -0.180      0.000    999.000    999.000
    X3X7               0.008      0.000    999.000    999.000
    X4X5               0.026      0.000    999.000    999.000
    X4X6              -0.025      0.000    999.000    999.000
    X4X7               0.001      0.000    999.000    999.000
    X5X7              -0.005      0.000    999.000    999.000
    X6X7              -0.012      0.000    999.000    999.000

 VDWDDELZ   ON
    X1                -0.006      0.000    999.000    999.000
    X2                 0.008      0.000    999.000    999.000
    X3                -0.066      0.000    999.000    999.000
    X4                 0.061      0.000    999.000    999.000
    X5                -0.086      0.000    999.000    999.000
    X6                 0.006      0.000    999.000    999.000
    X7                 0.021      0.000    999.000    999.000
    X1X4               0.008      0.000    999.000    999.000
    X1X5               0.005      0.000    999.000    999.000
    X1X6              -0.008      0.000    999.000    999.000
    X1X7               0.000      0.000    999.000    999.000
    X2X4              -0.037      0.000    999.000    999.000
    X2X5              -0.050      0.000    999.000    999.000
    X2X6               0.006      0.000    999.000    999.000
    X2X7               0.000      0.000    999.000    999.000
    X3X4               0.168      0.000    999.000    999.000
    X3X5               0.236      0.000    999.000    999.000
    X3X6               0.048      0.000    999.000    999.000
    X3X7              -0.002      0.000    999.000    999.000
    X4X5               0.012      0.000    999.000    999.000
    X4X6              -0.028      0.000    999.000    999.000
    X4X7               0.003      0.000    999.000    999.000
    X5X7              -0.006      0.000    999.000    999.000
    X6X7              -0.013      0.000    999.000    999.000

 VDEXF7Z    ON
    X1                -0.003      0.000    999.000    999.000
    X2                -0.010      0.000    999.000    999.000
    X3                 0.066      0.000    999.000    999.000
    X4                -0.030      0.000    999.000    999.000
    X5                -0.191      0.000    999.000    999.000
    X6                -0.115      0.000    999.000    999.000
    X7                 0.026      0.000    999.000    999.000
    X1X4              -0.002      0.000    999.000    999.000
    X1X5               0.000      0.000    999.000    999.000
    X1X6               0.007      0.000    999.000    999.000
    X1X7               0.000      0.000    999.000    999.000
    X2X4               0.016      0.000    999.000    999.000
    X2X5              -0.004      0.000    999.000    999.000
    X2X6              -0.053      0.000    999.000    999.000
    X2X7              -0.001      0.000    999.000    999.000
    X3X4              -0.086      0.000    999.000    999.000
    X3X5               0.057      0.000    999.000    999.000
    X3X6               0.280      0.000    999.000    999.000
    X3X7               0.004      0.000    999.000    999.000
    X4X5               0.064      0.000    999.000    999.000
    X4X6               0.000      0.000    999.000    999.000
    X4X7              -0.002      0.000    999.000    999.000
    X5X7               0.011      0.000    999.000    999.000
    X6X7              -0.006      0.000    999.000    999.000

 VDSEVENS   ON
    X1                -0.054      0.000    999.000    999.000
    X2                -0.007      0.000    999.000    999.000
    X3                 0.531      0.000    999.000    999.000
    X4                -0.680      0.000    999.000    999.000
    X5                -1.815      0.000    999.000    999.000
    X6                -0.460      0.000    999.000    999.000
    X7                 0.166      0.000    999.000    999.000
    X1X4               0.012      0.000    999.000    999.000
    X1X5               0.076      0.000    999.000    999.000
    X1X6               0.198      0.000    999.000    999.000
    X1X7               0.011      0.000    999.000    999.000
    X2X4               0.111      0.000    999.000    999.000
    X2X5              -0.527      0.000    999.000    999.000
    X2X6              -1.109      0.000    999.000    999.000
    X2X7              -0.042      0.000    999.000    999.000
    X3X4              -0.885      0.000    999.000    999.000
    X3X5               1.564      0.000    999.000    999.000
    X3X6               6.662      0.000    999.000    999.000
    X3X7               0.162      0.000    999.000    999.000
    X4X5               0.606      0.000    999.000    999.000
    X4X6              -0.563      0.000    999.000    999.000
    X4X7               0.011      0.000    999.000    999.000
    X5X7               0.159      0.000    999.000    999.000
    X6X7              -0.073      0.000    999.000    999.000

 VDCOUNT    ON
    X1                -0.058      0.000    999.000    999.000
    X2                -0.092      0.000    999.000    999.000
    X3                 0.424      0.000    999.000    999.000
    X4                -0.349      0.000    999.000    999.000
    X5                -0.891      0.000    999.000    999.000
    X6                 1.844      0.000    999.000    999.000
    X7                 0.221      0.000    999.000    999.000
    X1X4               0.213      0.000    999.000    999.000
    X1X5              -0.156      0.000    999.000    999.000
    X1X6               0.054      0.000    999.000    999.000
    X1X7               0.012      0.000    999.000    999.000
    X2X4              -0.924      0.000    999.000    999.000
    X2X5               1.138      0.000    999.000    999.000
    X2X6               0.282      0.000    999.000    999.000
    X2X7              -0.011      0.000    999.000    999.000
    X3X4               3.667      0.000    999.000    999.000
    X3X5              -5.257      0.000    999.000    999.000
    X3X6              -3.898      0.000    999.000    999.000
    X3X7              -0.183      0.000    999.000    999.000
    X4X5              -0.042      0.000    999.000    999.000
    X4X6              -2.154      0.000    999.000    999.000
    X4X7              -0.118      0.000    999.000    999.000
    X5X7              -0.003      0.000    999.000    999.000
    X6X7               0.082      0.000    999.000    999.000

 VDWDIMMZ WITH
    VDLFL1Z            0.000      0.000    999.000    999.000

 VDWDDELZ WITH
    VDLFL1Z            0.000      0.000    999.000    999.000
    VDWDIMMZ           0.019      0.000    999.000    999.000

 VDEXF7Z  WITH
    VDLFL1Z            0.000      0.000    999.000    999.000
    VDWDIMMZ           0.000      0.000    999.000    999.000
    VDWDDELZ           0.000      0.000    999.000    999.000

 Intercepts
    VDLFL1Z            0.120      0.003     36.024      0.000
    VDWDIMMZ           0.358      0.010     36.583      0.000
    VDWDDELZ           0.223      0.009     23.708      0.000
    VDEXF7Z            0.469      0.014     33.329      0.000

 Thresholds
    VDORI$1           -2.533      0.221    -11.475      0.000
    VDORI$2           -1.669      0.153    -10.884      0.000
    VDORI$3           -0.821      0.122     -6.729      0.000
    VDORI$4            0.391      0.132      2.969      0.003
    VDLFL2$1          -6.134      0.520    -11.794      0.000
    VDLFL2$2          -1.720      0.229     -7.519      0.000
    VDLFL3$1          -2.226      0.267     -8.328      0.000
    VDLFL3$2           0.497      0.170      2.925      0.003
    VDSEVENS$1        -1.594      0.151    -10.544      0.000
    VDSEVENS$2        -0.442      0.110     -4.017      0.000
    VDSEVENS$3         0.208      0.130      1.602      0.109
    VDSEVENS$4         0.708      0.140      5.058      0.000
    VDSEVENS$5         1.425      0.151      9.437      0.000
    VDCOUNT$1         -2.062      0.186    -11.109      0.000
    NPG014$1           0.618      0.092      6.730      0.000
    NPG021$1           0.653      0.101      6.442      0.000
    NPG023$1           1.337      0.131     10.193      0.000
    NPG030$1           1.327      0.121     10.978      0.000
    NPG040$1           0.363      0.132      2.751      0.006
    NPG041$1           0.570      0.135      4.219      0.000
    NPG044$1           0.570      0.114      4.995      0.000
    NPG047$1           0.916      0.108      8.452      0.000
    NPG050$1           1.053      0.117      9.011      0.000
    NPG059$1           0.668      0.128      5.236      0.000
    PD102$1           -2.879      0.315     -9.148      0.000
    PD102$2            0.537      0.110      4.875      0.000

 Residual Variances
    VDLFL1Z            0.005      0.000     14.529      0.000
    VDWDIMMZ           0.023      0.000     70.108      0.000
    VDWDDELZ           0.032      0.001     63.361      0.000
    VDEXF7Z            0.023      0.001     21.294      0.000


R-SQUARE

Latent Class 1 (1)

    Observed                                        Two-Tailed
    Variable        Estimate       S.E.  Est./S.E.    P-Value

    VDORI              0.294      0.005     59.214      0.000
    VDLFL2             0.565      0.006     96.123      0.000
    VDLFL3             0.260      0.005     56.524      0.000
    VDSEVENS           0.293      0.005     59.157      0.000
    VDCOUNT            0.289      0.005     58.827      0.000
    VDLFL1Z            0.226      0.013     17.721      0.000
    VDWDIMMZ           0.184      0.004     43.995      0.000
    VDWDDELZ           0.187      0.004     42.921      0.000
    VDEXF7Z            0.351      0.012     29.223      0.000

Latent Class 2 (2)

    Observed                                        Two-Tailed
    Variable        Estimate       S.E.  Est./S.E.    P-Value

    VDORI              0.695      0.005    137.132      0.000
    VDLFL2             0.800      0.004    209.479      0.000
    VDLFL3             0.386      0.006     68.111      0.000
    VDSEVENS           0.470      0.006     78.863      0.000
    VDCOUNT            0.376      0.006     67.042      0.000
    VDLFL1Z            0.354      0.017     21.254      0.000
    VDWDIMMZ           0.226      0.005     46.365      0.000
    VDWDDELZ           0.237      0.005     45.727      0.000
    VDEXF7Z            0.421      0.013     32.778      0.000

Latent Class 3 (3)

    Observed                                        Two-Tailed
    Variable        Estimate       S.E.  Est./S.E.    P-Value

    VDORI              0.443      0.006     75.107      0.000
    VDLFL2             0.851      0.003    280.515      0.000
    VDLFL3             0.564      0.006     95.880      0.000
    VDSEVENS           0.386      0.006     68.053      0.000
    VDCOUNT            0.523      0.006     87.563      0.000
    VDLFL1Z            0.275      0.015     18.932      0.000
    VDWDIMMZ           0.224      0.005     46.247      0.000
    VDWDDELZ           0.270      0.006     47.812      0.000
    VDEXF7Z            0.427      0.013     33.105      0.000

Available post-processing tools

  Conditional probabilities for the latent class indicators
  Conditional probabilities for the latent class variable

SAVEDATA INFORMATION


  Results in H5 Format

  Save file
    pmm_104_unitwt.h5

  List of results saved

    Summary of Analysis
    Model Fit Information
    Model Results
    Results in Probability Scale
    Latent Class Indicator Odds Ratios for the Latent Classes
    Brant Wald Test For Proportional Odds
    Standardized Model Results
    R-Square

     Beginning Time:  07:03:04
        Ending Time:  07:03:09
       Elapsed Time:  00:00:05



MUTHEN & MUTHEN
3463 Stoner Ave.
Los Angeles, CA  90066

Tel: (310) 391-9971
Fax: (310) 391-8971
Web: www.StatModel.com
Support: Support@StatModel.com

Copyright (c) 1998-2025 Muthen & Muthen
